{"stats":{"minecraft:crafted":{"minecraft:oak_planks":24,"sophisticatedbackpacks:backpack":1,"minecraft:wooden_pickaxe":1,"minecraft:string":132,"minecraft:stick":8,"quark:oak_chest":1,"minecraft:wooden_axe":4},"minecraft:mined":{"minecraft:scaffolding":1,"minecraft:white_bed":2,"minecraft:crafting_table":5,"minecraft:spruce_fence":2,"minecraft:grass_block":13,"quark:blossom_log":10,"luminousworld:grassvariant_2":2,"minecraft:tall_grass":14,"minecraft:hay_block":14,"minecraft:white_carpet":4,"minecraft:peony":2,"minecraft:grass":11,"minecraft:bookshelf":1,"minecraft:oak_log":9,"minecraft:dirt":1,"luminousworld:grassvariant_3":1,"minecraft:white_wool":37,"minecraft:oak_leaves":3},"minecraft:used":{"minecraft:peony":5,"minecraft:armor_stand":2,"minecraft:iron_sword":43,"minecraft:white_wool":1,"minecraft:dirt":14,"minecraft:white_carpet":4,"minecraft:crafting_table":3,"minecraft:white_bed":1,"minecraft:spruce_fence":2,"born_in_chaos_v1:corpse_maggot":1,"minecraft:wooden_axe":123,"minecraft:lantern":6,"minecraft:bread":8,"minecraft:golden_helmet":1,"minecraft:item_frame":4,"minecraft:white_banner":1,"alexsmobs:animal_dictionary":1,"minecraft:cooked_beef":1},"minecraft:broken":{"minecraft:wooden_axe":1},"minecraft:picked_up":{"minecraft:wooden_axe":1,"born_in_chaos_v1:corpse_maggot":1,"minecraft:crafting_table":5,"minecraft:leather_chestplate":2,"minecraft:cooked_beef":1,"minecraft:leather_leggings":2,"minecraft:leather":12,"minecraft:enchanted_book":2,"minecraft:oak_log":9,"minecraft:dirt":14,"minecraft:lantern":6,"minecraft:white_banner":1,"minecraft:white_carpet":4,"minecraft:item_frame":8,"minecraft:armor_stand":2,"minecraft:apple":1,"undead_revamp2:blacpetalblock":1,"minecraft:bow":1,"minecraft:wheat_seeds":1,"minecraft:beef":11,"minecraft:oak_boat":1,"minecraft:oak_planks":7,"minecraft:iron_sword":1,"minecraft:acacia_sapling":1,"minecraft:book":3,"minecraft:spruce_fence":2,"minecraft:porkchop":5,"quark:blossom_log":10,"minecraft:cake":1,"minecraft:white_bed":2,"minecraft:leather_helmet":2,"artifacts:villager_hat":1,"minecraft:peony":5,"minecraft:diamond_boots":2,"minecraft:hay_block":14,"minecraft:emerald":1,"minecraft:bread":11,"supplementaries:ash":1,"minecraft:mutton":2,"minecraft:white_wool":36},"minecraft:dropped":{"minecraft:bread":11,"artifacts:villager_hat":1,"minecraft:oak_planks":7,"minecraft:acacia_sapling":1},"minecraft:killed":{"minecraft:pig":2,"undead_revamp2:the_moonflower":1,"minecraft:sheep":1,"minecraft:horse":7,"ecologics:squirrel":1,"born_in_chaos_v1:corpse_fly":1,"alexsmobs:fly":1,"earthmobsmod:albino_cow":6},"minecraft:custom":{"minecraft:interact_with_furnace":1,"minecraft:mob_kills":20,"minecraft:interact_with_crafting_table":7,"minecraft:eat_cake_slice":5,"minecraft:leave_game":2,"minecraft:time_since_death":35525,"minecraft:sleep_in_bed":2,"minecraft:climb_one_cm":2877,"minecraft:time_since_rest":9119,"minecraft:sprint_one_cm":130064,"minecraft:damage_taken":421,"minecraft:walk_one_cm":76155,"minecraft:drop":20,"minecraft:damage_dealt":2457,"minecraft:swim_one_cm":858,"minecraft:fly_one_cm":89650,"minecraft:player_kills":1,"minecraft:open_chest":3,"minecraft:crouch_one_cm":28,"minecraft:play_time":35525,"tombstone:undead_killed":1,"minecraft:sneak_time":57,"minecraft:walk_under_water_one_cm":900,"minecraft:jump":557,"minecraft:walk_on_water_one_cm":5749,"minecraft:total_world_time":35525,"minecraft:fall_one_cm":17635,"minecraft:horse_one_cm":1171}},"DataVersion":3465}