{"stats":{"minecraft:killed":{"born_in_chaos_v1:maggot":10,"minecraft:horse":7,"minecraft:chicken":1,"minecraft:illusioner":1,"minecraft:drowned":2,"undead_revamp2:thespitter":1,"earthmobsmod:albino_cow":6,"minecraft:pig":2,"naturalist:snake":1,"undead_revamp2:the_moonflower":1,"minecraft:sheep":1,"minecraft:zombie":61,"ecologics:squirrel":1,"born_in_chaos_v1:corpse_fly":1,"enemyexpansion:botfly":10,"alexsmobs:fly":1},"minecraft:custom":{"minecraft:mob_kills":116,"minecraft:interact_with_crafting_table":22,"minecraft:open_barrel":3,"minecraft:damage_dealt_resisted":264,"minecraft:eat_cake_slice":5,"minecraft:leave_game":4,"minecraft:time_since_death":1472,"minecraft:climb_one_cm":12228,"minecraft:sprint_one_cm":351459,"minecraft:walk_one_cm":254525,"minecraft:damage_blocked_by_shield":460,"minecraft:drop":32,"minecraft:damage_dealt_absorbed":81,"minecraft:play_time":115720,"minecraft:deaths":8,"minecraft:sneak_time":2372,"minecraft:walk_under_water_one_cm":6072,"minecraft:boat_one_cm":18749,"minecraft:jump":1631,"minecraft:interact_with_brewingstand":1,"minecraft:walk_on_water_one_cm":39538,"minecraft:total_world_time":115720,"minecraft:interact_with_furnace":2,"tombstone:raider_killed":1,"minecraft:sleep_in_bed":8,"minecraft:time_since_rest":1300,"minecraft:damage_taken":4000,"minecraft:damage_dealt":15017,"minecraft:swim_one_cm":43781,"minecraft:fly_one_cm":240701,"minecraft:player_kills":1,"minecraft:open_chest":6,"minecraft:crouch_one_cm":1063,"tombstone:undead_killed":65,"minecraft:fall_one_cm":43278,"minecraft:horse_one_cm":1171},"minecraft:dropped":{"minecraft:bread":11,"minecraft:porkchop":5,"luminousworld:spuds":2,"luminousworld:blueberry":2,"minecraft:rotten_flesh":10,"artifacts:villager_hat":1,"minecraft:oak_planks":7,"luminousworld:groundpebbles_1":7,"minecraft:acacia_sapling":1},"minecraft:used":{"minecraft:peony":5,"minecraft:stone_sword":21,"minecraft:armor_stand":2,"minecraft:shield":18,"minecraft:iron_sword":151,"ecologics:coconut_planks":2,"minecraft:dirt":16,"minecraft:white_carpet":4,"minecraft:spruce_fence":2,"born_in_chaos_v1:corpse_maggot":1,"minecraft:wooden_axe":152,"friendsandfoes:totem_of_illusion":1,"minecraft:lantern":6,"minecraft:item_frame":4,"minecraft:bow":4,"tombstone:gift":6,"minecraft:cooked_beef":1,"minecraft:oak_planks":6,"minecraft:wooden_pickaxe":34,"minecraft:white_wool":2,"minecraft:mossy_cobblestone":1,"minecraft:crafting_table":9,"minecraft:white_bed":5,"minecraft:bread":41,"minecraft:iron_pickaxe":36,"minecraft:gravel":1,"minecraft:golden_helmet":1,"minecraft:wooden_sword":177,"minecraft:cobblestone":15,"minecraft:white_banner":1,"supplementaries:timber_cross_brace":1,"minecraft:yellow_bed":2,"alexsmobs:animal_dictionary":1,"minecraft:coarse_dirt":4},"minecraft:killed_by":{"minecraft:player":1,"enemyexpansion:botfly":1,"minecraft:zombie":3},"minecraft:picked_up":{"minecraft:wooden_axe":1,"minecraft:crafting_table":8,"luminousworld:groundpebbles_1":7,"minecraft:coarse_dirt":5,"minecraft:chicken":1,"minecraft:leather_leggings":3,"minecraft:brown_mushroom":1,"friendsandfoes:totem_of_illusion":1,"minecraft:enchanted_book":2,"minecraft:string":3,"supplementaries:timber_cross_brace":1,"minecraft:item_frame":8,"minecraft:armor_stand":2,"minecraft:white_carpet":4,"minecraft:beef":11,"minecraft:oak_boat":1,"minecraft:sugar_cane":13,"minecraft:stick":1,"luminousworld:spuds":2,"minecraft:spruce_fence":2,"minecraft:porkchop":9,"quark:blossom_log":10,"minecraft:cake":1,"tombstone:grave_dust":5,"minecraft:rotten_flesh":56,"artifacts:villager_hat":1,"minecraft:peony":5,"minecraft:hay_block":14,"minecraft:diamond_boots":2,"ecologics:coconut_log":6,"sophisticatedbackpacks:copper_backpack":1,"tombstone:essence_of_undeath":1,"supplementaries:ash":1,"minecraft:mutton":2,"minecraft:white_wool":36,"minecraft:cobblestone":22,"born_in_chaos_v1:corpse_maggot":8,"minecraft:leather_chestplate":2,"minecraft:cooked_beef":1,"iceandfire:sea_serpent_fang":1,"ecologics:coconut_planks":1,"minecraft:leather":12,"minecraft:potato":1,"minecraft:oak_log":14,"minecraft:yellow_bed":2,"minecraft:dirt":16,"minecraft:lantern":6,"minecraft:white_banner":1,"minecraft:apple":1,"undead_revamp2:blacpetalblock":1,"minecraft:bow":1,"minecraft:wheat_seeds":2,"minecraft:iron_sword":1,"minecraft:oak_planks":11,"minecraft:acacia_sapling":1,"minecraft:book":24,"minecraft:gravel":1,"minecraft:white_bed":5,"minecraft:mossy_cobblestone":1,"minecraft:leather_helmet":2,"minecraft:bundle":3,"luminousworld:yellowpetunias":1,"luminousworld:blueberry":2,"iceandfire:sea_serpent_scales_red":3,"minecraft:chainmail_helmet":1,"minecraft:bread":11,"minecraft:emerald":1},"minecraft:mined":{"minecraft:white_bed":5,"ecologics:coconut_planks":1,"minecraft:mossy_cobblestone":1,"luminousworld:grassvariant_4":2,"minecraft:spruce_fence":2,"minecraft:grass_block":17,"luminousworld:grassvariant_2":2,"ecologics:coconut_log":6,"minecraft:spawner":1,"minecraft:hay_block":14,"minecraft:tall_seagrass":1,"minecraft:fire":2,"luminousworld:mossbuds_3":1,"minecraft:peony":2,"minecraft:bookshelf":9,"minecraft:stone":5,"minecraft:white_wool":37,"minecraft:scaffolding":1,"supplementaries:timber_cross_brace":1,"minecraft:crafting_table":8,"minecraft:torch":1,"quark:blossom_log":10,"minecraft:tall_grass":14,"minecraft:cobblestone":15,"minecraft:sugar_cane":2,"minecraft:oak_planks":2,"minecraft:coarse_dirt":9,"minecraft:white_carpet":4,"minecraft:yellow_bed":2,"minecraft:grass":12,"minecraft:oak_log":14,"minecraft:gravel":1,"minecraft:dirt":1,"luminousworld:grassvariant_3":2,"minecraft:cobweb":8,"minecraft:oak_leaves":3},"minecraft:broken":{"minecraft:golden_helmet":1,"minecraft:leather_leggings":2,"minecraft:leather_chestplate":1,"minecraft:wooden_pickaxe":1,"minecraft:wooden_sword":3,"minecraft:wooden_axe":2},"minecraft:crafted":{"minecraft:wooden_sword":3,"minecraft:oak_planks":40,"ecologics:coconut_planks":24,"minecraft:wheat":144,"sophisticatedbackpacks:backpack":1,"minecraft:crafting_table":1,"minecraft:wooden_pickaxe":1,"minecraft:bread":48,"minecraft:string":132,"minecraft:shield":1,"minecraft:stick":16,"quark:oak_chest":1,"minecraft:iron_pickaxe":1,"minecraft:wooden_axe":4,"minecraft:stone_sword":1}},"DataVersion":3465}