{"stats":{"minecraft:crafted":{"minecraft:oak_planks":36,"sophisticatedbackpacks:backpack":1,"minecraft:wooden_pickaxe":1,"minecraft:string":132,"minecraft:shield":1,"minecraft:stick":12,"quark:oak_chest":1,"minecraft:iron_pickaxe":1,"minecraft:wooden_axe":4},"minecraft:mined":{"minecraft:scaffolding":1,"minecraft:white_bed":5,"minecraft:crafting_table":6,"minecraft:spruce_fence":2,"minecraft:grass_block":13,"quark:blossom_log":10,"luminousworld:grassvariant_2":2,"minecraft:tall_grass":14,"minecraft:hay_block":14,"minecraft:white_carpet":4,"minecraft:peony":2,"minecraft:grass":12,"minecraft:bookshelf":9,"minecraft:oak_log":14,"minecraft:dirt":1,"luminousworld:grassvariant_3":1,"minecraft:white_wool":37,"minecraft:oak_leaves":3},"minecraft:used":{"minecraft:peony":5,"minecraft:armor_stand":2,"minecraft:iron_sword":46,"minecraft:white_wool":1,"minecraft:dirt":14,"minecraft:white_carpet":4,"minecraft:crafting_table":5,"minecraft:white_bed":4,"minecraft:spruce_fence":2,"born_in_chaos_v1:corpse_maggot":1,"minecraft:wooden_axe":139,"minecraft:lantern":6,"minecraft:bread":11,"minecraft:golden_helmet":1,"minecraft:item_frame":4,"minecraft:white_banner":1,"alexsmobs:animal_dictionary":1,"minecraft:cooked_beef":1},"minecraft:broken":{"minecraft:wooden_axe":1},"minecraft:picked_up":{"minecraft:wooden_axe":1,"born_in_chaos_v1:corpse_maggot":1,"minecraft:crafting_table":6,"minecraft:leather_chestplate":2,"minecraft:cooked_beef":1,"minecraft:leather_leggings":2,"minecraft:leather":12,"minecraft:enchanted_book":2,"minecraft:oak_log":14,"minecraft:dirt":14,"minecraft:lantern":6,"minecraft:white_banner":1,"minecraft:white_carpet":4,"minecraft:item_frame":8,"minecraft:armor_stand":2,"minecraft:apple":1,"undead_revamp2:blacpetalblock":1,"minecraft:bow":1,"minecraft:wheat_seeds":1,"minecraft:beef":11,"minecraft:oak_boat":1,"minecraft:oak_planks":7,"minecraft:iron_sword":1,"minecraft:acacia_sapling":1,"minecraft:book":24,"minecraft:spruce_fence":2,"minecraft:porkchop":5,"quark:blossom_log":10,"minecraft:cake":1,"minecraft:white_bed":5,"minecraft:leather_helmet":2,"artifacts:villager_hat":1,"minecraft:peony":5,"minecraft:diamond_boots":2,"minecraft:hay_block":14,"minecraft:emerald":1,"minecraft:bread":11,"supplementaries:ash":1,"minecraft:mutton":2,"minecraft:white_wool":36},"minecraft:dropped":{"minecraft:bread":11,"artifacts:villager_hat":1,"minecraft:oak_planks":7,"minecraft:acacia_sapling":1},"minecraft:killed":{"minecraft:pig":2,"undead_revamp2:the_moonflower":1,"minecraft:sheep":1,"minecraft:horse":7,"ecologics:squirrel":1,"born_in_chaos_v1:corpse_fly":1,"alexsmobs:fly":1,"earthmobsmod:albino_cow":6},"minecraft:custom":{"minecraft:interact_with_furnace":2,"minecraft:mob_kills":20,"minecraft:interact_with_crafting_table":10,"minecraft:eat_cake_slice":5,"minecraft:leave_game":2,"minecraft:time_since_death":47525,"minecraft:sleep_in_bed":4,"minecraft:climb_one_cm":12228,"minecraft:time_since_rest":6522,"minecraft:sprint_one_cm":188051,"minecraft:damage_taken":644,"minecraft:walk_one_cm":88754,"minecraft:drop":20,"minecraft:damage_dealt":2644,"minecraft:swim_one_cm":9400,"minecraft:fly_one_cm":134723,"minecraft:player_kills":1,"minecraft:open_chest":4,"minecraft:crouch_one_cm":28,"minecraft:play_time":47525,"tombstone:undead_killed":1,"minecraft:sneak_time":325,"minecraft:walk_under_water_one_cm":1107,"minecraft:jump":740,"minecraft:walk_on_water_one_cm":9502,"minecraft:total_world_time":47525,"minecraft:fall_one_cm":23386,"minecraft:horse_one_cm":1171}},"DataVersion":3465}