{"stats":{"minecraft:killed_by":{"minecraft:player":1,"undead_revamp2:the_moonflower":1,"minecraft:piglin_brute":1,"born_in_chaos_v1:corpse_fly":1,"minecraft:skeleton":3,"enemyexpansion:botfly":2,"minecraft:zombie":4,"born_in_chaos_v1:supreme_bonescaller_stage_2":1,"minecraft:vex":1},"minecraft:custom":{"minecraft:inspect_dropper":1,"minecraft:mob_kills":87,"minecraft:interact_with_crafting_table":42,"minecraft:open_barrel":12,"minecraft:damage_dealt_resisted":1015,"minecraft:leave_game":5,"minecraft:time_since_death":88385,"minecraft:climb_one_cm":4764,"minecraft:sprint_one_cm":476319,"minecraft:walk_one_cm":711677,"minecraft:damage_blocked_by_shield":4940,"minecraft:drop":12,"minecraft:play_time":324786,"minecraft:sneak_time":1762,"minecraft:deaths":19,"minecraft:walk_under_water_one_cm":17170,"minecraft:boat_one_cm":77871,"minecraft:interact_with_brewingstand":1,"minecraft:jump":2938,"minecraft:interact_with_blast_furnace":1,"minecraft:walk_on_water_one_cm":52852,"minecraft:total_world_time":324786,"minecraft:interact_with_furnace":61,"tombstone:raider_killed":11,"minecraft:interact_with_loom":2,"minecraft:sleep_in_bed":8,"minecraft:time_since_rest":1874,"minecraft:damage_taken":2147483647,"minecraft:trigger_trapped_chest":2,"minecraft:damage_dealt":15360,"minecraft:player_kills":1,"minecraft:swim_one_cm":13123,"minecraft:fly_one_cm":486260,"minecraft:open_chest":46,"minecraft:crouch_one_cm":5489,"tombstone:undead_killed":28,"minecraft:inspect_dispenser":4,"minecraft:interact_with_smoker":1,"minecraft:fall_one_cm":65198},"minecraft:picked_up":{"minecraft:charcoal":2,"minecraft:crafting_table":6,"illagerinvasion:platinum_chunk":2,"minecraft:flower_pot":1,"minecraft:diamond_sword":1,"minecraft:gold_block":2,"minecraft:chain":1,"unusualprehistory:opal_chunk":6,"minecraft:string":5,"minecraft:red_bed":1,"minecraft:waxed_cut_copper_slab":1,"minecraft:smooth_stone_slab":1,"minecraft:diamond_leggings":1,"minecraft:cobbled_deepslate":1061,"unusualprehistory:paleo_fossil":3,"minecraft:beef":8,"minecraft:cobblestone_slab":1,"minecraft:coal_block":2,"minecraft:melon_slice":6,"luminousworld:white_oak_plank":2,"minecraft:furnace":4,"minecraft:stick":12,"minecraft:raw_iron":175,"iceandfire:dragonbone":20,"naturalist:duck":2,"sophisticatedbackpacks:crafting_upgrade":1,"minecraft:torch":32,"minecraft:porkchop":7,"minecraft:stone_button":2,"tombstone:grave_dust":4,"minecraft:diorite":23,"minecraft:redstone":5,"minecraft:stone_pressure_plate":46,"iceandfire:dragon_skull_ice":1,"minecraft:arrow":6,"minecraft:rotten_flesh":30,"minecraft:light_gray_bed":2,"minecraft:diamond_chestplate":1,"minecraft:hay_block":12,"alexscaves:spelunkery_table":1,"unusualprehistory:opal_fossil":1,"minecraft:totem_of_undying":1,"iceandfire:armor_green_helmet":1,"minecraft:glow_berries":1,"minecraft:obsidian":1,"minecraft:cobblestone":416,"minecraft:birch_log":5,"born_in_chaos_v1:corpse_maggot":8,"minecraft:feather":3,"minecraft:repeater":1,"born_in_chaos_v1:monster_flesh":1,"minecraft:andesite":17,"luminousworld:ishstone":3,"minecraft:leather":19,"minecraft:red_mushroom":1,"minecraft:birch_planks":5,"minecraft:flint":5,"minecraft:tuff":45,"minecraft:oak_log":19,"minecraft:lapis_lazuli":23,"minecraft:stripped_birch_log":1,"minecraft:dirt":19,"minecraft:white_banner":1,"minecraft:leather_boots":1,"naturalist:bass":8,"minecraft:red_carpet":12,"minecraft:bone":4,"minecraft:apple":1,"minecraft:stone_bricks":8,"minecraft:bow":1,"minecraft:wheat_seeds":2,"minecraft:raw_gold":39,"minecraft:iron_ingot":1,"minecraft:bamboo":5,"minecraft:moss_block":3,"minecraft:oak_planks":1,"friendsandfoes:totem_of_freezing":1,"minecraft:cooked_porkchop":20,"born_in_chaos_v1:ethereal_spirit":1,"minecraft:gravel":35,"minecraft:white_bed":7,"minecraft:dead_bush":1,"minecraft:spider_eye":1,"minecraft:polished_andesite":2,"minecraft:diamond":130,"minecraft:chainmail_leggings":1,"minecraft:blue_ice":1,"minecraft:granite":25,"minecraft:golden_apple":1,"sophisticatedbackpacks:feeding_upgrade":1,"minecraft:spruce_sign":1,"minecraft:bread":2,"minecraft:emerald":11,"minecraft:oak_sapling":5,"born_in_chaos_v1:rotten_fish":1,"iceandfire:silver_nugget":6,"minecraft:coal":144,"iceandfire:raw_silver":4},"minecraft:broken":{"minecraft:chainmail_leggings":1,"minecraft:iron_boots":1,"minecraft:iron_chestplate":1,"minecraft:stone_pickaxe":1,"minecraft:shield":1,"minecraft:leather_boots":1,"minecraft:iron_sword":1,"minecraft:iron_pickaxe":3,"minecraft:iron_helmet":1,"minecraft:wooden_axe":1},"minecraft:mined":{"minecraft:waxed_cut_copper_slab":1,"alexscaves:spelunkery_table":1,"minecraft:tuff":45,"minecraft:stone_pressure_plate":51,"minecraft:white_bed":6,"iceandfire:silver_ore":4,"minecraft:deepslate_diamond_ore":108,"minecraft:stripped_birch_log":1,"minecraft:obsidian":1,"minecraft:potted_dead_bush":1,"minecraft:granite":25,"minecraft:stone_button":2,"unusualprehistory:deepslate_opal_ore":8,"minecraft:grass_block":1,"minecraft:infested_cobblestone":4,"unusualprehistory:deepslate_fossil":3,"minecraft:light_gray_bed":2,"minecraft:coal_block":2,"luminousworld:white_oak_plank":2,"minecraft:spawner":2,"minecraft:hay_block":16,"minecraft:furnace":4,"minecraft:iron_ore":101,"minecraft:fire":7,"minecraft:cobbled_deepslate":8,"minecraft:andesite":17,"minecraft:deepslate_lapis_ore":4,"minecraft:gold_block":1,"minecraft:cobblestone_slab":1,"minecraft:cave_vines":1,"minecraft:stone":412,"minecraft:deepslate_redstone_ore":1,"minecraft:red_bed":2,"minecraft:powder_snow":16,"minecraft:oak_fence":1,"minecraft:crafting_table":6,"minecraft:torch":2,"minecraft:melon":1,"minecraft:campfire":1,"minecraft:mushroom_stem":3,"luminousworld:grassflowers":1,"minecraft:tall_grass":1,"minecraft:cobblestone":5,"minecraft:deepslate_gold_ore":33,"minecraft:wall_torch":28,"minecraft:diorite":23,"minecraft:birch_planks":3,"minecraft:repeater":1,"minecraft:grass":2,"minecraft:coal_ore":95,"minecraft:oak_log":17,"iceandfire:silver_pile":1,"luminousworld:ishstone":3,"minecraft:gravel":36,"minecraft:dirt":18,"luminousworld:grassvariant_3":1,"minecraft:cobweb":4,"minecraft:red_mushroom_block":2,"minecraft:stone_bricks":9,"minecraft:polished_andesite":2,"minecraft:gold_ore":6,"minecraft:oak_leaves":8,"minecraft:deepslate":1202,"minecraft:fern":2},"minecraft:crafted":{"hangglider:glider_framework":1,"minecraft:wooden_sword":1,"minecraft:oak_planks":76,"hangglider:hang_glider":1,"minecraft:furnace":3,"hangglider:glider_wing":2,"quark:deepslate_furnace":1,"naturalist:cooked_bass":8,"minecraft:iron_boots":1,"minecraft:stone_pickaxe":1,"aether:diamond_gloves":1,"minecraft:diamond_boots":1,"sophisticatedbackpacks:iron_backpack":1,"minecraft:wheat":108,"minecraft:cooked_beef":3,"sophisticatedbackpacks:backpack":1,"minecraft:cooked_porkchop":3,"minecraft:crafting_table":4,"minecraft:iron_helmet":1,"minecraft:wooden_pickaxe":1,"minecraft:iron_sword":2,"sophisticatedbackpacks:gold_backpack":1,"minecraft:bucket":2,"minecraft:birch_planks":20,"minecraft:bread":40,"minecraft:iron_chestplate":1,"minecraft:diamond_pickaxe":1,"minecraft:golden_apple":7,"minecraft:shield":4,"sophisticatedbackpacks:diamond_backpack":1,"minecraft:stick":40,"quark:oak_chest":1,"minecraft:iron_ingot":61,"minecraft:iron_pickaxe":5,"minecraft:wooden_axe":2,"minecraft:gold_ingot":57,"minecraft:torch":92},"minecraft:killed":{"luminousworld:frostbitten_zombie":2,"minecraft:evoker":1,"born_in_chaos_v1:restless_spirit":1,"minecraft:spider":3,"minecraft:vindicator":1,"born_in_chaos_v1:zombie_bruiser":1,"born_in_chaos_v1:maggot":3,"minecraft:skeleton":4,"luminousworld:swamp_skeleton":1,"illagerinvasion:provoker":3,"minecraft:silverfish":8,"born_in_chaos_v1:corpse_fish":1,"minecraft:piglin_brute":1,"friendsandfoes:iceologer":1,"minecraft:wolf":1,"minecraft:piglin":2,"minecraft:pig":4,"undead_revamp2:the_moonflower":1,"born_in_chaos_v1:decrepit_skeleton":2,"luminousworld:crab":1,"minecraft:pillager":5,"minecraft:zombie":17,"born_in_chaos_v1:corpse_fly":5,"enemyexpansion:botfly":12,"bettermobs:capivara":1,"minecraft:cow":3},"minecraft:used":{"born_in_chaos_v1:ethereal_spirit":4,"born_in_chaos_v1:intoxicating_decoction":1,"minecraft:shield":188,"minecraft:iron_sword":242,"minecraft:rotten_flesh":3,"minecraft:torch":115,"minecraft:dirt":16,"iceandfire:pixie_dust":2,"minecraft:carrot":2,"naturalist:cooked_bass":8,"minecraft:granite":13,"minecraft:wooden_axe":49,"born_in_chaos_v1:smoked_flesh":4,"minecraft:lava_bucket":1,"quark:deepslate_furnace":1,"minecraft:iron_axe":54,"minecraft:iron_helmet":2,"minecraft:iron_boots":2,"naturalist:duck":2,"minecraft:waxed_cut_copper_slab":1,"minecraft:beef":4,"minecraft:oak_sapling":5,"minecraft:furnace":7,"tombstone:gift":4,"minecraft:cooked_beef":2,"minecraft:cobbled_deepslate":39,"minecraft:powder_snow_bucket":1,"minecraft:light_gray_bed":2,"born_in_chaos_v1:mint_ice_cream":1,"minecraft:water_bucket":7,"tombstone:scroll_of_knowledge":1,"minecraft:diorite":23,"minecraft:diamond_boots":1,"minecraft:birch_planks":7,"minecraft:stone_pickaxe":125,"minecraft:wooden_pickaxe":20,"minecraft:spruce_sign":1,"luminousworld:ishstone":3,"minecraft:glow_berries":2,"minecraft:crafting_table":10,"alexscaves:cave_book":1,"minecraft:white_bed":5,"tombstone:tablet_of_home":2,"ad_astra:oil_bucket":2,"minecraft:diamond_pickaxe":1130,"minecraft:apple":7,"born_in_chaos_v1:monster_flesh":1,"minecraft:melon_slice":6,"minecraft:bread":28,"minecraft:iron_pickaxe":1009,"tombstone:grave_key":9,"minecraft:gravel":3,"minecraft:diamond_sword":65,"minecraft:wooden_sword":3,"minecraft:cobblestone":137,"minecraft:andesite":17,"minecraft:cooked_porkchop":3,"minecraft:chain":1,"alexsmobs:animal_dictionary":1,"minecraft:bucket":13,"minecraft:experience_bottle":1,"minecraft:chainmail_leggings":1},"minecraft:dropped":{"minecraft:wheat_seeds":1,"minecraft:cooked_beef":1,"minecraft:golden_apple":2,"minecraft:polished_andesite":2,"minecraft:stone_button":2,"minecraft:redstone":5,"friendsandfoes:totem_of_freezing":1,"minecraft:cobbled_deepslate":64,"minecraft:rotten_flesh":4,"supplementaries:ash":1,"minecraft:shield":1}},"DataVersion":3465}