{"stats":{"minecraft:crafted":{"hangglider:glider_framework":1,"minecraft:wooden_sword":1,"minecraft:oak_planks":76,"hangglider:hang_glider":1,"minecraft:furnace":3,"hangglider:glider_wing":2,"naturalist:cooked_bass":8,"minecraft:iron_boots":1,"minecraft:stone_pickaxe":1,"sophisticatedbackpacks:iron_backpack":1,"minecraft:wheat":108,"minecraft:cooked_beef":3,"sophisticatedbackpacks:backpack":1,"minecraft:cooked_porkchop":3,"minecraft:crafting_table":4,"minecraft:wooden_pickaxe":1,"minecraft:iron_helmet":1,"minecraft:iron_sword":2,"sophisticatedbackpacks:gold_backpack":1,"minecraft:bucket":2,"minecraft:birch_planks":20,"minecraft:bread":40,"minecraft:iron_chestplate":1,"minecraft:diamond_pickaxe":1,"minecraft:golden_apple":2,"minecraft:shield":4,"sophisticatedbackpacks:diamond_backpack":1,"minecraft:stick":40,"quark:oak_chest":1,"minecraft:iron_ingot":61,"minecraft:iron_pickaxe":5,"minecraft:wooden_axe":2,"minecraft:gold_ingot":18,"minecraft:torch":92},"minecraft:killed_by":{"minecraft:player":1,"undead_revamp2:the_moonflower":1,"minecraft:piglin_brute":1,"born_in_chaos_v1:corpse_fly":1,"minecraft:skeleton":3,"enemyexpansion:botfly":2,"minecraft:zombie":4,"born_in_chaos_v1:supreme_bonescaller_stage_2":1,"minecraft:vex":1},"minecraft:used":{"born_in_chaos_v1:ethereal_spirit":4,"born_in_chaos_v1:intoxicating_decoction":1,"minecraft:shield":185,"minecraft:iron_sword":242,"minecraft:rotten_flesh":3,"minecraft:torch":104,"minecraft:dirt":16,"iceandfire:pixie_dust":2,"minecraft:carrot":2,"naturalist:cooked_bass":8,"minecraft:granite":13,"minecraft:wooden_axe":49,"born_in_chaos_v1:smoked_flesh":4,"minecraft:iron_axe":51,"minecraft:iron_helmet":2,"minecraft:iron_boots":2,"naturalist:duck":2,"minecraft:waxed_cut_copper_slab":1,"minecraft:beef":4,"minecraft:oak_sapling":5,"minecraft:furnace":7,"tombstone:gift":2,"minecraft:cooked_beef":2,"minecraft:powder_snow_bucket":1,"minecraft:light_gray_bed":2,"born_in_chaos_v1:mint_ice_cream":1,"minecraft:water_bucket":6,"tombstone:scroll_of_knowledge":1,"minecraft:diorite":23,"minecraft:birch_planks":7,"minecraft:stone_pickaxe":125,"minecraft:wooden_pickaxe":20,"minecraft:spruce_sign":1,"luminousworld:ishstone":3,"minecraft:glow_berries":2,"minecraft:crafting_table":10,"minecraft:white_bed":4,"tombstone:tablet_of_home":2,"ad_astra:oil_bucket":2,"minecraft:diamond_pickaxe":479,"minecraft:apple":7,"minecraft:melon_slice":6,"minecraft:bread":28,"minecraft:iron_pickaxe":1009,"tombstone:grave_key":9,"minecraft:gravel":3,"minecraft:diamond_sword":60,"minecraft:wooden_sword":3,"minecraft:cobblestone":137,"minecraft:cooked_porkchop":3,"minecraft:andesite":17,"minecraft:bucket":11,"minecraft:chain":1,"alexsmobs:animal_dictionary":1,"minecraft:experience_bottle":1,"minecraft:chainmail_leggings":1},"minecraft:mined":{"minecraft:waxed_cut_copper_slab":1,"minecraft:tuff":37,"minecraft:stone_pressure_plate":51,"minecraft:white_bed":5,"iceandfire:silver_ore":4,"minecraft:deepslate_diamond_ore":77,"minecraft:stripped_birch_log":1,"minecraft:potted_dead_bush":1,"minecraft:granite":25,"minecraft:stone_button":2,"unusualprehistory:deepslate_opal_ore":1,"minecraft:grass_block":1,"minecraft:infested_cobblestone":4,"unusualprehistory:deepslate_fossil":1,"minecraft:light_gray_bed":2,"luminousworld:white_oak_plank":2,"minecraft:spawner":2,"minecraft:hay_block":16,"minecraft:furnace":4,"minecraft:iron_ore":101,"minecraft:fire":7,"minecraft:andesite":17,"minecraft:deepslate_lapis_ore":4,"minecraft:gold_block":1,"minecraft:cave_vines":1,"minecraft:cobblestone_slab":1,"minecraft:stone":412,"minecraft:deepslate_redstone_ore":1,"minecraft:red_bed":2,"minecraft:powder_snow":16,"minecraft:crafting_table":6,"minecraft:torch":2,"minecraft:melon":1,"minecraft:campfire":1,"minecraft:mushroom_stem":3,"luminousworld:grassflowers":1,"minecraft:tall_grass":1,"minecraft:cobblestone":5,"minecraft:deepslate_gold_ore":26,"minecraft:diorite":23,"minecraft:wall_torch":24,"minecraft:birch_planks":3,"minecraft:repeater":1,"minecraft:grass":2,"minecraft:oak_log":17,"minecraft:coal_ore":89,"iceandfire:silver_pile":1,"luminousworld:ishstone":3,"minecraft:gravel":18,"minecraft:dirt":18,"luminousworld:grassvariant_3":1,"minecraft:cobweb":4,"minecraft:polished_andesite":2,"minecraft:red_mushroom_block":2,"minecraft:stone_bricks":9,"minecraft:gold_ore":6,"minecraft:oak_leaves":8,"minecraft:deepslate":643,"minecraft:fern":2},"minecraft:broken":{"minecraft:chainmail_leggings":1,"minecraft:iron_boots":1,"minecraft:iron_chestplate":1,"minecraft:stone_pickaxe":1,"minecraft:shield":1,"minecraft:leather_boots":1,"minecraft:iron_sword":1,"minecraft:iron_pickaxe":3,"minecraft:iron_helmet":1,"minecraft:wooden_axe":1},"minecraft:picked_up":{"minecraft:charcoal":2,"minecraft:crafting_table":6,"illagerinvasion:platinum_chunk":2,"minecraft:flower_pot":1,"minecraft:diamond_sword":1,"minecraft:gold_block":2,"minecraft:chain":1,"unusualprehistory:opal_chunk":1,"minecraft:red_bed":1,"minecraft:string":5,"minecraft:waxed_cut_copper_slab":1,"minecraft:smooth_stone_slab":1,"unusualprehistory:paleo_fossil":1,"minecraft:diamond_leggings":1,"minecraft:cobbled_deepslate":588,"minecraft:beef":8,"minecraft:cobblestone_slab":1,"minecraft:melon_slice":6,"luminousworld:white_oak_plank":2,"minecraft:furnace":4,"naturalist:duck":2,"minecraft:stick":12,"minecraft:raw_iron":175,"iceandfire:dragonbone":20,"sophisticatedbackpacks:crafting_upgrade":1,"minecraft:torch":28,"minecraft:porkchop":7,"minecraft:stone_button":2,"tombstone:grave_dust":4,"minecraft:diorite":23,"minecraft:redstone":5,"minecraft:stone_pressure_plate":46,"iceandfire:dragon_skull_ice":1,"minecraft:diamond_chestplate":1,"minecraft:rotten_flesh":29,"minecraft:arrow":4,"minecraft:light_gray_bed":2,"minecraft:hay_block":12,"minecraft:totem_of_undying":1,"iceandfire:armor_green_helmet":1,"minecraft:glow_berries":1,"minecraft:cobblestone":416,"minecraft:birch_log":5,"born_in_chaos_v1:corpse_maggot":7,"minecraft:feather":3,"minecraft:repeater":1,"born_in_chaos_v1:monster_flesh":1,"minecraft:andesite":17,"luminousworld:ishstone":3,"minecraft:leather":19,"minecraft:red_mushroom":1,"minecraft:birch_planks":5,"minecraft:flint":2,"minecraft:tuff":37,"minecraft:oak_log":19,"minecraft:lapis_lazuli":23,"minecraft:stripped_birch_log":1,"minecraft:dirt":19,"minecraft:white_banner":1,"minecraft:leather_boots":1,"naturalist:bass":8,"minecraft:red_carpet":12,"minecraft:bone":3,"minecraft:apple":1,"minecraft:stone_bricks":8,"minecraft:bow":1,"minecraft:wheat_seeds":2,"minecraft:raw_gold":32,"minecraft:iron_ingot":1,"minecraft:bamboo":5,"minecraft:moss_block":3,"minecraft:oak_planks":1,"friendsandfoes:totem_of_freezing":1,"minecraft:cooked_porkchop":20,"born_in_chaos_v1:ethereal_spirit":1,"minecraft:gravel":20,"minecraft:dead_bush":1,"minecraft:white_bed":6,"minecraft:spider_eye":1,"minecraft:polished_andesite":2,"minecraft:diamond":101,"minecraft:chainmail_leggings":1,"minecraft:golden_apple":1,"minecraft:blue_ice":1,"minecraft:granite":25,"minecraft:spruce_sign":1,"sophisticatedbackpacks:feeding_upgrade":1,"minecraft:emerald":6,"minecraft:oak_sapling":5,"born_in_chaos_v1:rotten_fish":1,"iceandfire:silver_nugget":6,"minecraft:coal":138,"iceandfire:raw_silver":4},"minecraft:dropped":{"minecraft:wheat_seeds":1,"minecraft:cooked_beef":1,"minecraft:golden_apple":2,"minecraft:polished_andesite":2,"minecraft:stone_button":2,"minecraft:redstone":5,"friendsandfoes:totem_of_freezing":1,"minecraft:cobbled_deepslate":64,"minecraft:rotten_flesh":4,"supplementaries:ash":1,"minecraft:shield":1},"minecraft:killed":{"luminousworld:frostbitten_zombie":2,"minecraft:evoker":1,"born_in_chaos_v1:restless_spirit":1,"minecraft:vindicator":1,"minecraft:spider":3,"born_in_chaos_v1:zombie_bruiser":1,"born_in_chaos_v1:maggot":3,"minecraft:skeleton":3,"luminousworld:swamp_skeleton":1,"illagerinvasion:provoker":3,"minecraft:silverfish":8,"born_in_chaos_v1:corpse_fish":1,"minecraft:piglin_brute":1,"friendsandfoes:iceologer":1,"minecraft:wolf":1,"minecraft:piglin":2,"minecraft:pig":4,"undead_revamp2:the_moonflower":1,"born_in_chaos_v1:decrepit_skeleton":2,"luminousworld:crab":1,"minecraft:pillager":5,"minecraft:zombie":17,"born_in_chaos_v1:corpse_fly":5,"enemyexpansion:botfly":12,"bettermobs:capivara":1,"minecraft:cow":3},"minecraft:custom":{"minecraft:inspect_dropper":1,"minecraft:mob_kills":85,"minecraft:interact_with_crafting_table":42,"minecraft:open_barrel":9,"minecraft:damage_dealt_resisted":1015,"minecraft:leave_game":4,"minecraft:time_since_death":42669,"minecraft:climb_one_cm":3700,"minecraft:sprint_one_cm":467836,"minecraft:walk_one_cm":645657,"minecraft:damage_blocked_by_shield":4850,"minecraft:drop":12,"minecraft:play_time":279070,"minecraft:sneak_time":1686,"minecraft:deaths":19,"minecraft:walk_under_water_one_cm":17170,"minecraft:boat_one_cm":77871,"minecraft:interact_with_brewingstand":1,"minecraft:jump":2798,"minecraft:walk_on_water_one_cm":52645,"minecraft:total_world_time":279070,"minecraft:interact_with_furnace":43,"tombstone:raider_killed":11,"minecraft:sleep_in_bed":7,"minecraft:time_since_rest":42511,"minecraft:damage_taken":2147483647,"minecraft:trigger_trapped_chest":2,"minecraft:damage_dealt":15073,"minecraft:player_kills":1,"minecraft:swim_one_cm":13123,"minecraft:fly_one_cm":481304,"minecraft:open_chest":46,"minecraft:crouch_one_cm":5438,"tombstone:undead_killed":27,"minecraft:interact_with_smoker":1,"minecraft:inspect_dispenser":4,"minecraft:fall_one_cm":63725}},"DataVersion":3465}