{"stats":{"minecraft:crafted":{"hangglider:glider_framework":1,"minecraft:wooden_sword":1,"minecraft:oak_planks":76,"hangglider:hang_glider":1,"minecraft:furnace":3,"hangglider:glider_wing":2,"naturalist:cooked_bass":8,"minecraft:iron_boots":1,"minecraft:stone_pickaxe":1,"sophisticatedbackpacks:iron_backpack":1,"minecraft:wheat":108,"minecraft:cooked_beef":3,"sophisticatedbackpacks:backpack":1,"minecraft:cooked_porkchop":3,"minecraft:crafting_table":3,"minecraft:wooden_pickaxe":1,"minecraft:iron_helmet":1,"minecraft:iron_sword":2,"sophisticatedbackpacks:gold_backpack":1,"minecraft:bucket":2,"minecraft:birch_planks":20,"minecraft:bread":40,"minecraft:iron_chestplate":1,"minecraft:shield":3,"minecraft:stick":28,"quark:oak_chest":1,"minecraft:iron_ingot":61,"minecraft:iron_pickaxe":4,"minecraft:wooden_axe":2,"minecraft:gold_ingot":9,"minecraft:torch":52},"minecraft:killed_by":{"minecraft:player":1,"undead_revamp2:the_moonflower":1,"born_in_chaos_v1:corpse_fly":1,"minecraft:skeleton":3,"enemyexpansion:botfly":2,"minecraft:zombie":4,"born_in_chaos_v1:supreme_bonescaller_stage_2":1},"minecraft:used":{"born_in_chaos_v1:ethereal_spirit":4,"born_in_chaos_v1:intoxicating_decoction":1,"minecraft:shield":165,"minecraft:iron_sword":242,"minecraft:rotten_flesh":2,"minecraft:torch":71,"minecraft:dirt":16,"iceandfire:pixie_dust":2,"minecraft:carrot":2,"naturalist:cooked_bass":8,"minecraft:granite":13,"minecraft:wooden_axe":49,"born_in_chaos_v1:smoked_flesh":4,"minecraft:iron_axe":45,"minecraft:iron_helmet":2,"minecraft:iron_boots":1,"naturalist:duck":2,"minecraft:waxed_cut_copper_slab":1,"minecraft:beef":1,"minecraft:oak_sapling":5,"minecraft:furnace":7,"tombstone:gift":2,"minecraft:cooked_beef":2,"minecraft:powder_snow_bucket":1,"minecraft:light_gray_bed":2,"born_in_chaos_v1:mint_ice_cream":1,"minecraft:water_bucket":5,"tombstone:scroll_of_knowledge":1,"minecraft:diorite":23,"minecraft:birch_planks":7,"minecraft:stone_pickaxe":125,"minecraft:wooden_pickaxe":20,"luminousworld:ishstone":3,"minecraft:glow_berries":2,"minecraft:crafting_table":8,"minecraft:white_bed":1,"tombstone:tablet_of_home":2,"ad_astra:oil_bucket":2,"minecraft:apple":5,"minecraft:melon_slice":6,"minecraft:bread":19,"minecraft:iron_pickaxe":664,"tombstone:grave_key":9,"minecraft:gravel":3,"minecraft:wooden_sword":3,"minecraft:cobblestone":81,"minecraft:cooked_porkchop":3,"minecraft:andesite":17,"minecraft:bucket":10,"minecraft:chain":1,"alexsmobs:animal_dictionary":1,"minecraft:chainmail_leggings":1},"minecraft:mined":{"minecraft:waxed_cut_copper_slab":1,"minecraft:stone_pressure_plate":51,"minecraft:white_bed":2,"iceandfire:silver_ore":4,"minecraft:granite":25,"minecraft:stone_button":2,"minecraft:grass_block":1,"minecraft:infested_cobblestone":4,"minecraft:light_gray_bed":2,"minecraft:hay_block":16,"minecraft:furnace":4,"minecraft:iron_ore":101,"minecraft:fire":7,"minecraft:andesite":17,"minecraft:gold_block":1,"minecraft:cave_vines":1,"minecraft:cobblestone_slab":1,"minecraft:stone":412,"minecraft:powder_snow":16,"minecraft:crafting_table":5,"minecraft:torch":2,"minecraft:melon":1,"minecraft:campfire":1,"luminousworld:grassflowers":1,"minecraft:tall_grass":1,"minecraft:cobblestone":5,"minecraft:diorite":23,"minecraft:wall_torch":12,"minecraft:repeater":1,"minecraft:grass":2,"minecraft:oak_log":17,"minecraft:coal_ore":89,"iceandfire:silver_pile":1,"luminousworld:ishstone":3,"minecraft:gravel":4,"minecraft:dirt":18,"luminousworld:grassvariant_3":1,"minecraft:cobweb":4,"minecraft:stone_bricks":5,"minecraft:gold_ore":6,"minecraft:oak_leaves":8,"minecraft:deepslate":1,"minecraft:fern":2},"minecraft:broken":{"minecraft:chainmail_leggings":1,"minecraft:iron_boots":1,"minecraft:iron_chestplate":1,"minecraft:stone_pickaxe":1,"minecraft:shield":1,"minecraft:leather_boots":1,"minecraft:iron_sword":1,"minecraft:iron_pickaxe":2,"minecraft:iron_helmet":1,"minecraft:wooden_axe":1},"minecraft:picked_up":{"minecraft:charcoal":2,"minecraft:crafting_table":5,"illagerinvasion:platinum_chunk":2,"minecraft:gold_block":1,"minecraft:chain":1,"minecraft:string":5,"minecraft:waxed_cut_copper_slab":1,"minecraft:smooth_stone_slab":1,"minecraft:cobbled_deepslate":1,"minecraft:beef":5,"minecraft:cobblestone_slab":1,"minecraft:melon_slice":6,"minecraft:furnace":4,"naturalist:duck":2,"minecraft:stick":12,"minecraft:raw_iron":175,"iceandfire:dragonbone":20,"sophisticatedbackpacks:crafting_upgrade":1,"minecraft:torch":16,"minecraft:porkchop":7,"minecraft:stone_button":2,"tombstone:grave_dust":1,"minecraft:diorite":23,"minecraft:stone_pressure_plate":46,"iceandfire:dragon_skull_ice":1,"minecraft:rotten_flesh":18,"minecraft:arrow":2,"minecraft:light_gray_bed":2,"minecraft:hay_block":12,"iceandfire:armor_green_helmet":1,"minecraft:glow_berries":1,"minecraft:cobblestone":416,"minecraft:birch_log":5,"born_in_chaos_v1:corpse_maggot":1,"minecraft:feather":3,"minecraft:repeater":1,"minecraft:andesite":17,"luminousworld:ishstone":3,"minecraft:leather":18,"minecraft:flint":1,"minecraft:oak_log":19,"minecraft:dirt":19,"minecraft:white_banner":1,"minecraft:leather_boots":1,"naturalist:bass":8,"minecraft:bone":3,"minecraft:apple":1,"minecraft:stone_bricks":4,"minecraft:wheat_seeds":2,"minecraft:raw_gold":6,"minecraft:iron_ingot":1,"minecraft:bamboo":5,"minecraft:oak_planks":1,"friendsandfoes:totem_of_freezing":1,"minecraft:cooked_porkchop":20,"born_in_chaos_v1:ethereal_spirit":1,"minecraft:gravel":7,"minecraft:white_bed":2,"minecraft:spider_eye":1,"minecraft:diamond":24,"minecraft:chainmail_leggings":1,"minecraft:blue_ice":1,"minecraft:granite":25,"sophisticatedbackpacks:feeding_upgrade":1,"minecraft:emerald":3,"minecraft:oak_sapling":5,"born_in_chaos_v1:rotten_fish":1,"iceandfire:silver_nugget":6,"minecraft:coal":138,"iceandfire:raw_silver":4},"minecraft:dropped":{"minecraft:wheat_seeds":1,"minecraft:cooked_beef":1,"minecraft:stone_button":2,"friendsandfoes:totem_of_freezing":1,"minecraft:rotten_flesh":4,"supplementaries:ash":1,"minecraft:shield":1},"minecraft:killed":{"luminousworld:frostbitten_zombie":2,"born_in_chaos_v1:restless_spirit":1,"minecraft:spider":3,"born_in_chaos_v1:maggot":3,"minecraft:skeleton":3,"luminousworld:swamp_skeleton":1,"minecraft:silverfish":8,"born_in_chaos_v1:corpse_fish":1,"friendsandfoes:iceologer":1,"minecraft:wolf":1,"minecraft:pig":4,"undead_revamp2:the_moonflower":1,"born_in_chaos_v1:decrepit_skeleton":2,"luminousworld:crab":1,"minecraft:pillager":5,"minecraft:zombie":14,"born_in_chaos_v1:corpse_fly":1,"enemyexpansion:botfly":12,"bettermobs:capivara":1,"minecraft:cow":2},"minecraft:custom":{"minecraft:inspect_dropper":1,"minecraft:mob_kills":67,"minecraft:interact_with_crafting_table":39,"minecraft:open_barrel":9,"minecraft:damage_dealt_resisted":1015,"minecraft:leave_game":3,"minecraft:time_since_death":15138,"minecraft:climb_one_cm":3700,"minecraft:sprint_one_cm":420427,"minecraft:walk_one_cm":533454,"minecraft:damage_blocked_by_shield":4035,"minecraft:drop":7,"minecraft:play_time":218542,"minecraft:sneak_time":1679,"minecraft:deaths":17,"minecraft:walk_under_water_one_cm":16698,"minecraft:boat_one_cm":37290,"minecraft:interact_with_brewingstand":1,"minecraft:jump":2473,"minecraft:walk_on_water_one_cm":52048,"minecraft:total_world_time":218542,"minecraft:interact_with_furnace":43,"tombstone:raider_killed":6,"minecraft:sleep_in_bed":7,"minecraft:time_since_rest":14918,"minecraft:damage_taken":2147483647,"minecraft:trigger_trapped_chest":2,"minecraft:damage_dealt":11845,"minecraft:player_kills":1,"minecraft:swim_one_cm":13123,"minecraft:fly_one_cm":451413,"minecraft:open_chest":39,"minecraft:crouch_one_cm":5438,"tombstone:undead_killed":23,"minecraft:interact_with_smoker":1,"minecraft:inspect_dispenser":4,"minecraft:fall_one_cm":53920}},"DataVersion":3465}