{"stats":{"minecraft:custom":{"minecraft:inspect_dropper":1,"minecraft:mob_kills":27,"minecraft:interact_with_crafting_table":27,"minecraft:open_barrel":8,"minecraft:damage_dealt_resisted":830,"minecraft:leave_game":1,"minecraft:time_since_death":15794,"minecraft:climb_one_cm":2009,"minecraft:sprint_one_cm":203267,"minecraft:walk_one_cm":324143,"minecraft:damage_blocked_by_shield":2525,"minecraft:drop":4,"minecraft:play_time":123036,"minecraft:sneak_time":1592,"minecraft:deaths":6,"minecraft:walk_under_water_one_cm":15868,"minecraft:boat_one_cm":22254,"minecraft:jump":1274,"minecraft:interact_with_brewingstand":1,"minecraft:walk_on_water_one_cm":44993,"minecraft:total_world_time":123036,"minecraft:interact_with_furnace":34,"minecraft:sleep_in_bed":3,"minecraft:time_since_rest":15228,"minecraft:damage_taken":2858,"minecraft:trigger_trapped_chest":2,"minecraft:damage_dealt":5095,"minecraft:swim_one_cm":11744,"minecraft:fly_one_cm":160537,"minecraft:player_kills":1,"minecraft:open_chest":16,"minecraft:crouch_one_cm":5167,"tombstone:undead_killed":5,"minecraft:interact_with_smoker":1,"minecraft:fall_one_cm":26374,"minecraft:inspect_dispenser":4},"minecraft:dropped":{"minecraft:wheat_seeds":1,"minecraft:cooked_beef":1,"supplementaries:ash":1,"minecraft:shield":1},"minecraft:killed_by":{"undead_revamp2:the_moonflower":1,"minecraft:zombie":1,"born_in_chaos_v1:supreme_bonescaller_stage_2":1},"minecraft:mined":{"minecraft:stone_pressure_plate":51,"minecraft:white_bed":1,"minecraft:granite":11,"minecraft:infested_cobblestone":4,"minecraft:light_gray_bed":2,"minecraft:hay_block":9,"minecraft:furnace":3,"minecraft:iron_ore":94,"minecraft:fire":2,"minecraft:andesite":17,"minecraft:gold_block":1,"minecraft:cave_vines":1,"minecraft:cobblestone_slab":1,"minecraft:stone":331,"minecraft:crafting_table":5,"minecraft:torch":1,"minecraft:melon":1,"minecraft:campfire":1,"luminousworld:grassflowers":1,"minecraft:cobblestone":3,"minecraft:diorite":23,"minecraft:wall_torch":10,"minecraft:repeater":1,"minecraft:grass":2,"minecraft:coal_ore":59,"minecraft:oak_log":17,"iceandfire:silver_pile":1,"minecraft:dirt":8,"luminousworld:grassvariant_3":1,"minecraft:cobweb":3,"minecraft:oak_leaves":8,"minecraft:fern":2},"minecraft:crafted":{"minecraft:wooden_sword":1,"minecraft:oak_planks":76,"minecraft:furnace":2,"naturalist:cooked_bass":8,"minecraft:iron_boots":1,"minecraft:stone_pickaxe":1,"minecraft:wheat":45,"minecraft:cooked_beef":3,"sophisticatedbackpacks:backpack":1,"minecraft:cooked_porkchop":3,"minecraft:crafting_table":3,"minecraft:wooden_pickaxe":1,"minecraft:iron_helmet":1,"minecraft:iron_sword":1,"minecraft:bucket":1,"minecraft:birch_planks":20,"minecraft:iron_chestplate":1,"minecraft:shield":3,"minecraft:stick":12,"quark:oak_chest":1,"minecraft:iron_pickaxe":2,"minecraft:iron_ingot":52,"minecraft:wooden_axe":2,"minecraft:torch":20},"minecraft:used":{"born_in_chaos_v1:ethereal_spirit":4,"born_in_chaos_v1:intoxicating_decoction":1,"minecraft:shield":104,"minecraft:iron_sword":112,"minecraft:torch":30,"minecraft:dirt":8,"minecraft:carrot":2,"naturalist:cooked_bass":8,"minecraft:wooden_axe":49,"minecraft:iron_helmet":1,"minecraft:iron_boots":1,"naturalist:duck":2,"minecraft:furnace":5,"minecraft:oak_sapling":5,"tombstone:gift":1,"minecraft:cooked_beef":2,"minecraft:light_gray_bed":2,"born_in_chaos_v1:mint_ice_cream":1,"tombstone:scroll_of_knowledge":1,"minecraft:diorite":23,"minecraft:birch_planks":7,"minecraft:stone_pickaxe":125,"minecraft:wooden_pickaxe":20,"minecraft:glow_berries":2,"minecraft:crafting_table":7,"ad_astra:oil_bucket":2,"minecraft:apple":1,"minecraft:melon_slice":6,"minecraft:iron_pickaxe":492,"minecraft:gravel":3,"minecraft:wooden_sword":3,"minecraft:cobblestone":50,"minecraft:cooked_porkchop":3,"minecraft:andesite":17,"minecraft:bucket":3,"minecraft:chain":1,"alexsmobs:animal_dictionary":1,"minecraft:chainmail_leggings":1},"minecraft:broken":{"minecraft:stone_pickaxe":1,"minecraft:iron_pickaxe":1,"minecraft:wooden_axe":1},"minecraft:killed":{"born_in_chaos_v1:restless_spirit":1,"minecraft:spider":3,"minecraft:skeleton":2,"luminousworld:swamp_skeleton":1,"minecraft:silverfish":8,"minecraft:wolf":1,"minecraft:pig":4,"born_in_chaos_v1:decrepit_skeleton":2,"luminousworld:crab":1,"born_in_chaos_v1:corpse_fly":1,"bettermobs:capivara":1,"minecraft:cow":2},"minecraft:picked_up":{"minecraft:charcoal":2,"minecraft:crafting_table":5,"minecraft:gold_block":1,"minecraft:chain":1,"minecraft:string":5,"minecraft:beef":5,"minecraft:cobblestone_slab":1,"minecraft:melon_slice":6,"minecraft:furnace":3,"minecraft:raw_iron":135,"minecraft:stick":12,"naturalist:duck":2,"minecraft:torch":12,"minecraft:porkchop":7,"minecraft:diorite":23,"minecraft:stone_pressure_plate":46,"minecraft:arrow":1,"minecraft:light_gray_bed":2,"minecraft:rotten_flesh":4,"minecraft:hay_block":5,"minecraft:glow_berries":1,"minecraft:cobblestone":331,"minecraft:birch_log":5,"minecraft:feather":3,"minecraft:repeater":1,"minecraft:andesite":17,"minecraft:leather":2,"minecraft:oak_log":19,"minecraft:dirt":8,"naturalist:bass":8,"minecraft:bone":3,"minecraft:apple":1,"minecraft:wheat_seeds":2,"minecraft:iron_ingot":1,"minecraft:bamboo":5,"minecraft:oak_planks":1,"born_in_chaos_v1:ethereal_spirit":1,"minecraft:gravel":4,"minecraft:white_bed":1,"minecraft:spider_eye":1,"minecraft:chainmail_leggings":1,"minecraft:granite":11,"minecraft:oak_sapling":5,"minecraft:coal":108,"iceandfire:silver_nugget":6}},"DataVersion":3465}