{"stats":{"minecraft:killed":{"minecraft:pig":2,"naturalist:snake":1,"undead_revamp2:the_moonflower":1,"born_in_chaos_v1:maggot":4,"minecraft:sheep":1,"minecraft:horse":7,"minecraft:zombie":5,"ecologics:squirrel":1,"minecraft:chicken":1,"born_in_chaos_v1:corpse_fly":1,"minecraft:drowned":2,"minecraft:illusioner":1,"alexsmobs:fly":1,"undead_revamp2:thespitter":1,"earthmobsmod:albino_cow":6},"minecraft:custom":{"minecraft:interact_with_furnace":2,"minecraft:mob_kills":35,"tombstone:raider_killed":1,"minecraft:interact_with_crafting_table":19,"minecraft:open_barrel":3,"minecraft:damage_dealt_resisted":30,"minecraft:eat_cake_slice":5,"minecraft:leave_game":3,"minecraft:time_since_death":7481,"minecraft:sleep_in_bed":8,"minecraft:climb_one_cm":12228,"minecraft:time_since_rest":4473,"minecraft:sprint_one_cm":319660,"minecraft:damage_taken":2002,"minecraft:walk_one_cm":201724,"minecraft:damage_blocked_by_shield":335,"minecraft:drop":32,"minecraft:damage_dealt":5692,"minecraft:player_kills":1,"minecraft:swim_one_cm":43781,"minecraft:fly_one_cm":232998,"minecraft:open_chest":6,"minecraft:crouch_one_cm":28,"minecraft:play_time":89396,"tombstone:undead_killed":9,"minecraft:deaths":2,"minecraft:sneak_time":342,"minecraft:walk_under_water_one_cm":5307,"minecraft:interact_with_brewingstand":1,"minecraft:boat_one_cm":18749,"minecraft:jump":1460,"minecraft:walk_on_water_one_cm":27535,"minecraft:total_world_time":89396,"minecraft:fall_one_cm":42318,"minecraft:horse_one_cm":1171},"minecraft:dropped":{"minecraft:bread":11,"minecraft:porkchop":5,"luminousworld:spuds":2,"minecraft:rotten_flesh":10,"artifacts:villager_hat":1,"minecraft:oak_planks":7,"luminousworld:blueberry":2,"luminousworld:groundpebbles_1":7,"minecraft:acacia_sapling":1},"minecraft:used":{"minecraft:peony":5,"minecraft:armor_stand":2,"minecraft:shield":12,"minecraft:wooden_pickaxe":8,"minecraft:iron_sword":130,"minecraft:white_wool":1,"minecraft:dirt":16,"minecraft:white_carpet":4,"minecraft:crafting_table":7,"minecraft:white_bed":5,"minecraft:spruce_fence":2,"born_in_chaos_v1:corpse_maggot":1,"minecraft:wooden_axe":152,"friendsandfoes:totem_of_illusion":1,"minecraft:lantern":6,"minecraft:bread":30,"minecraft:golden_helmet":1,"minecraft:item_frame":4,"supplementaries:timber_cross_brace":1,"minecraft:white_banner":1,"minecraft:yellow_bed":2,"alexsmobs:animal_dictionary":1,"minecraft:cooked_beef":1,"minecraft:coarse_dirt":1},"minecraft:killed_by":{"minecraft:player":1},"minecraft:picked_up":{"minecraft:wooden_axe":1,"luminousworld:groundpebbles_1":7,"minecraft:coarse_dirt":1,"born_in_chaos_v1:corpse_maggot":3,"minecraft:crafting_table":7,"minecraft:leather_chestplate":2,"minecraft:cooked_beef":1,"iceandfire:sea_serpent_fang":1,"minecraft:chicken":1,"minecraft:leather_leggings":2,"minecraft:leather":12,"minecraft:brown_mushroom":1,"friendsandfoes:totem_of_illusion":1,"minecraft:enchanted_book":2,"minecraft:oak_log":14,"minecraft:yellow_bed":2,"minecraft:string":3,"minecraft:dirt":16,"minecraft:lantern":6,"minecraft:white_banner":1,"supplementaries:timber_cross_brace":1,"minecraft:white_carpet":4,"minecraft:armor_stand":2,"minecraft:item_frame":8,"minecraft:apple":1,"undead_revamp2:blacpetalblock":1,"minecraft:bow":1,"minecraft:wheat_seeds":2,"minecraft:beef":11,"minecraft:oak_boat":1,"minecraft:sugar_cane":13,"minecraft:acacia_sapling":1,"minecraft:oak_planks":11,"minecraft:iron_sword":1,"minecraft:book":24,"minecraft:stick":1,"luminousworld:spuds":2,"minecraft:spruce_fence":2,"quark:blossom_log":10,"minecraft:porkchop":9,"minecraft:cake":1,"tombstone:grave_dust":1,"minecraft:white_bed":5,"minecraft:leather_helmet":2,"minecraft:rotten_flesh":9,"luminousworld:yellowpetunias":1,"luminousworld:blueberry":2,"artifacts:villager_hat":1,"minecraft:peony":5,"ecologics:coconut_log":6,"minecraft:diamond_boots":2,"minecraft:hay_block":14,"iceandfire:sea_serpent_scales_red":3,"minecraft:emerald":1,"minecraft:bread":11,"supplementaries:ash":1,"minecraft:mutton":2,"minecraft:cobblestone":7,"minecraft:white_wool":36},"minecraft:mined":{"minecraft:scaffolding":1,"minecraft:white_bed":5,"luminousworld:grassvariant_4":2,"supplementaries:timber_cross_brace":1,"minecraft:crafting_table":7,"minecraft:grass_block":17,"minecraft:spruce_fence":2,"quark:blossom_log":10,"luminousworld:grassvariant_2":2,"minecraft:tall_grass":14,"minecraft:cobblestone":3,"ecologics:coconut_log":6,"minecraft:oak_planks":2,"minecraft:sugar_cane":2,"minecraft:hay_block":14,"minecraft:coarse_dirt":5,"minecraft:white_carpet":4,"luminousworld:mossbuds_3":1,"minecraft:yellow_bed":2,"minecraft:peony":2,"minecraft:grass":12,"minecraft:bookshelf":9,"minecraft:oak_log":14,"minecraft:cobweb":8,"minecraft:dirt":1,"luminousworld:grassvariant_3":2,"minecraft:stone":2,"minecraft:white_wool":37,"minecraft:oak_leaves":3},"minecraft:broken":{"minecraft:golden_helmet":1,"minecraft:wooden_axe":2},"minecraft:crafted":{"minecraft:oak_planks":36,"sophisticatedbackpacks:backpack":1,"minecraft:wooden_pickaxe":1,"minecraft:bread":48,"minecraft:string":132,"minecraft:shield":1,"minecraft:stick":12,"quark:oak_chest":1,"minecraft:iron_pickaxe":1,"minecraft:wooden_axe":4,"minecraft:wheat":144}},"DataVersion":3465}