{"stats":{"minecraft:crafted":{"minecraft:oak_planks":24,"sophisticatedbackpacks:backpack":1,"minecraft:wooden_pickaxe":1,"minecraft:string":20,"minecraft:stick":8,"quark:oak_chest":1,"minecraft:wooden_axe":3},"minecraft:mined":{"minecraft:scaffolding":1,"minecraft:white_bed":1,"minecraft:crafting_table":4,"minecraft:spruce_fence":1,"minecraft:grass_block":13,"quark:blossom_log":10,"minecraft:tall_grass":7,"minecraft:hay_block":14,"minecraft:white_carpet":2,"minecraft:peony":2,"minecraft:grass":5,"minecraft:bookshelf":1,"minecraft:oak_log":9,"minecraft:dirt":1,"minecraft:white_wool":25,"minecraft:oak_leaves":3},"minecraft:used":{"minecraft:peony":5,"minecraft:armor_stand":2,"minecraft:iron_sword":3,"minecraft:white_wool":1,"minecraft:dirt":14,"minecraft:white_carpet":2,"minecraft:crafting_table":3,"born_in_chaos_v1:corpse_maggot":1,"minecraft:wooden_axe":105,"minecraft:lantern":3,"minecraft:item_frame":2,"minecraft:white_banner":1,"alexsmobs:animal_dictionary":1,"minecraft:cooked_beef":1},"minecraft:broken":{"minecraft:wooden_axe":1},"minecraft:picked_up":{"minecraft:wooden_axe":1,"born_in_chaos_v1:corpse_maggot":1,"minecraft:crafting_table":4,"minecraft:leather_chestplate":2,"minecraft:cooked_beef":1,"minecraft:leather_leggings":2,"minecraft:leather":8,"minecraft:enchanted_book":2,"minecraft:oak_log":9,"minecraft:dirt":14,"minecraft:lantern":4,"minecraft:white_banner":1,"minecraft:white_carpet":2,"minecraft:item_frame":3,"minecraft:armor_stand":2,"minecraft:apple":1,"minecraft:bow":1,"minecraft:beef":11,"minecraft:oak_planks":7,"minecraft:iron_sword":1,"minecraft:acacia_sapling":1,"minecraft:book":3,"minecraft:spruce_fence":1,"quark:blossom_log":10,"minecraft:cake":1,"minecraft:white_bed":1,"minecraft:leather_helmet":2,"artifacts:villager_hat":1,"minecraft:peony":5,"minecraft:diamond_boots":2,"minecraft:hay_block":14,"minecraft:emerald":1,"minecraft:bread":11,"minecraft:white_wool":21},"minecraft:dropped":{"minecraft:bread":11,"artifacts:villager_hat":1,"minecraft:oak_planks":7,"minecraft:acacia_sapling":1},"minecraft:killed":{"minecraft:horse":4,"born_in_chaos_v1:corpse_fly":1,"alexsmobs:fly":1,"earthmobsmod:albino_cow":5},"minecraft:custom":{"minecraft:interact_with_furnace":1,"minecraft:mob_kills":11,"minecraft:interact_with_crafting_table":4,"minecraft:eat_cake_slice":5,"minecraft:leave_game":2,"minecraft:time_since_death":23525,"minecraft:sleep_in_bed":1,"minecraft:climb_one_cm":1949,"minecraft:time_since_rest":10979,"minecraft:sprint_one_cm":74669,"minecraft:damage_taken":220,"minecraft:walk_one_cm":59756,"minecraft:drop":20,"minecraft:damage_dealt":1362,"minecraft:fly_one_cm":43657,"minecraft:player_kills":1,"minecraft:open_chest":1,"minecraft:crouch_one_cm":19,"minecraft:play_time":23525,"minecraft:sneak_time":49,"minecraft:walk_under_water_one_cm":801,"minecraft:jump":357,"minecraft:walk_on_water_one_cm":1712,"minecraft:total_world_time":23525,"minecraft:fall_one_cm":11016,"minecraft:horse_one_cm":1171}},"DataVersion":3465}