{"stats":{"minecraft:custom":{"minecraft:interact_with_crafting_table":42,"minecraft:open_barrel":12,"minecraft:leave_game":7,"minecraft:time_since_death":5105,"minecraft:sprint_one_cm":571397,"minecraft:damage_blocked_by_shield":5070,"minecraft:drop":20,"minecraft:play_time":391724,"minecraft:deaths":20,"minecraft:jump":3671,"minecraft:interact_with_brewingstand":4,"minecraft:walk_on_water_one_cm":67564,"minecraft:enchant_item":1,"minecraft:interact_with_furnace":72,"minecraft:interact_with_loom":2,"minecraft:sleep_in_bed":12,"minecraft:damage_dealt":17147,"minecraft:player_kills":1,"minecraft:crouch_one_cm":5575,"tombstone:undead_killed":29,"minecraft:interact_with_smoker":1,"minecraft:inspect_dispenser":4,"minecraft:inspect_dropper":1,"minecraft:mob_kills":95,"minecraft:damage_dealt_resisted":1015,"minecraft:climb_one_cm":4863,"minecraft:walk_one_cm":823659,"minecraft:sneak_time":1795,"minecraft:walk_under_water_one_cm":21297,"minecraft:boat_one_cm":150418,"minecraft:interact_with_blast_furnace":4,"minecraft:total_world_time":391724,"tombstone:raider_killed":14,"minecraft:interact_with_grindstone":1,"minecraft:time_since_rest":4767,"minecraft:damage_taken":2147483647,"minecraft:damage_absorbed":28,"minecraft:trigger_trapped_chest":2,"minecraft:swim_one_cm":13123,"minecraft:fly_one_cm":604324,"minecraft:open_chest":57,"minecraft:fall_one_cm":81329},"minecraft:dropped":{"minecraft:cooked_beef":1,"minecraft:glass_bottle":1,"minecraft:stone_button":2,"minecraft:dark_oak_planks":2,"minecraft:iron_nugget":6,"minecraft:cobbled_deepslate":98,"minecraft:rotten_flesh":4,"supplementaries:ash":1,"born_in_chaos_v1:corpse_maggot":7,"minecraft:wheat_seeds":2,"minecraft:golden_apple":2,"minecraft:polished_andesite":2,"minecraft:paper":6,"minecraft:redstone":5,"friendsandfoes:totem_of_freezing":1,"minecraft:shield":1,"minecraft:oak_sapling":1},"minecraft:killed_by":{"undead_revamp2:the_moonflower":1,"minecraft:piglin_brute":1,"born_in_chaos_v1:corpse_fly":1,"iceandfire:ice_dragon":1,"minecraft:zombie":4,"born_in_chaos_v1:supreme_bonescaller_stage_2":1,"minecraft:vex":1,"minecraft:player":1,"minecraft:skeleton":3,"enemyexpansion:botfly":2},"minecraft:mined":{"minecraft:dark_oak_planks":6,"minecraft:waxed_cut_copper_slab":1,"minecraft:stone_pressure_plate":51,"minecraft:white_bed":8,"luminousworld:autumnleaves":57,"minecraft:obsidian":2,"minecraft:potted_dead_bush":1,"minecraft:granite":25,"minecraft:grass_block":1,"unusualprehistory:deepslate_opal_ore":8,"minecraft:infested_cobblestone":4,"unusualprehistory:deepslate_fossil":3,"minecraft:light_gray_bed":2,"minecraft:coal_block":2,"minecraft:spawner":2,"minecraft:iron_ore":101,"minecraft:cobbled_deepslate":12,"minecraft:fire":11,"minecraft:deepslate_lapis_ore":4,"minecraft:cave_vines":1,"minecraft:deepslate_redstone_ore":1,"minecraft:red_bed":2,"minecraft:powder_snow":16,"iceandfire:dragon_ice_spikes":6,"minecraft:torch":2,"minecraft:melon":1,"minecraft:mushroom_stem":3,"minecraft:cobblestone":7,"minecraft:wall_torch":28,"minecraft:repeater":1,"minecraft:grass":8,"minecraft:oak_log":17,"minecraft:dirt":18,"luminousworld:grassvariant_3":1,"minecraft:red_mushroom_block":2,"minecraft:oak_leaves":110,"minecraft:deepslate":1202,"alexscaves:spelunkery_table":1,"minecraft:tuff":45,"iceandfire:silver_ore":4,"minecraft:deepslate_diamond_ore":108,"minecraft:stripped_birch_log":1,"minecraft:stone_button":2,"minecraft:spruce_leaves":8,"luminousworld:white_oak_plank":2,"minecraft:large_fern":2,"minecraft:hay_block":23,"minecraft:furnace":4,"minecraft:andesite":17,"luminousworld:mossbuds_3":1,"minecraft:gold_block":1,"minecraft:bookshelf":8,"minecraft:cobblestone_slab":1,"minecraft:stone":412,"luminousworld:blueberrybush":1,"minecraft:oak_fence":1,"minecraft:crafting_table":6,"minecraft:campfire":1,"luminousworld:auburnlog":2,"luminousworld:grassflowers":1,"minecraft:tall_grass":1,"minecraft:deepslate_gold_ore":33,"minecraft:diorite":23,"minecraft:birch_planks":3,"minecraft:birch_leaves":19,"minecraft:coal_ore":95,"iceandfire:silver_pile":1,"luminousworld:ishstone":3,"minecraft:gravel":36,"minecraft:gray_carpet":1,"minecraft:cobweb":4,"minecraft:polished_andesite":2,"minecraft:stone_bricks":9,"minecraft:gold_ore":6,"minecraft:fern":3},"minecraft:crafted":{"minecraft:oak_planks":76,"hangglider:hang_glider":1,"quark:deepslate_furnace":3,"naturalist:cooked_bass":8,"minecraft:iron_boots":1,"aether:diamond_gloves":1,"minecraft:copper_block":8,"sophisticatedbackpacks:backpack":1,"minecraft:cooked_porkchop":3,"minecraft:crafting_table":4,"minecraft:wooden_pickaxe":1,"minecraft:iron_helmet":1,"minecraft:copper_ingot":55,"minecraft:birch_planks":20,"sophisticatedbackpacks:upgrade_base":1,"minecraft:iron_chestplate":1,"minecraft:diamond_pickaxe":1,"minecraft:shield":4,"sophisticatedbackpacks:diamond_backpack":1,"minecraft:stick":40,"quark:oak_chest":1,"minecraft:iron_ingot":61,"minecraft:iron_pickaxe":5,"minecraft:gold_ingot":147,"hangglider:glider_framework":1,"minecraft:wooden_sword":1,"minecraft:furnace":3,"sophisticatedbackpacks:stack_upgrade_starter_tier":1,"hangglider:glider_wing":2,"minecraft:stone_pickaxe":1,"minecraft:diamond_boots":1,"minecraft:wheat":108,"sophisticatedbackpacks:iron_backpack":1,"minecraft:cooked_beef":3,"minecraft:iron_sword":2,"sophisticatedbackpacks:gold_backpack":1,"minecraft:bucket":2,"minecraft:bread":40,"minecraft:air":0,"minecraft:golden_apple":7,"minecraft:wooden_axe":2,"minecraft:torch":92},"minecraft:used":{"born_in_chaos_v1:intoxicating_decoction":1,"minecraft:shield":193,"minecraft:iron_sword":242,"minecraft:rotten_flesh":3,"minecraft:carrot":2,"naturalist:cooked_bass":8,"minecraft:tuff":39,"born_in_chaos_v1:smoked_flesh":4,"minecraft:lava_bucket":1,"quark:deepslate_furnace":3,"minecraft:iron_helmet":2,"naturalist:duck":2,"minecraft:furnace":7,"minecraft:oak_sapling":5,"minecraft:diorite":23,"minecraft:diamond_boots":1,"minecraft:stone_pickaxe":125,"minecraft:wooden_pickaxe":20,"minecraft:golden_apple":2,"minecraft:glow_berries":2,"alexscaves:cave_book":1,"ad_astra:oil_bucket":2,"born_in_chaos_v1:monster_flesh":1,"minecraft:bread":41,"minecraft:melon_slice":6,"tombstone:grave_key":9,"minecraft:gravel":3,"minecraft:diamond_sword":106,"minecraft:wooden_sword":3,"minecraft:andesite":17,"minecraft:chain":1,"minecraft:oak_boat":1,"minecraft:experience_bottle":66,"born_in_chaos_v1:ethereal_spirit":4,"minecraft:torch":115,"minecraft:dirt":16,"iceandfire:pixie_dust":2,"minecraft:granite":13,"minecraft:wooden_axe":49,"minecraft:iron_axe":265,"minecraft:iron_boots":2,"minecraft:waxed_cut_copper_slab":1,"minecraft:beef":4,"tombstone:gift":6,"minecraft:cooked_beef":2,"minecraft:cobbled_deepslate":83,"minecraft:powder_snow_bucket":1,"minecraft:light_gray_bed":2,"born_in_chaos_v1:mint_ice_cream":1,"minecraft:water_bucket":7,"tombstone:scroll_of_knowledge":1,"minecraft:birch_planks":7,"minecraft:spruce_sign":1,"luminousworld:ishstone":3,"minecraft:crafting_table":10,"minecraft:red_bed":1,"minecraft:white_bed":7,"tombstone:tablet_of_home":2,"minecraft:diamond_pickaxe":1149,"minecraft:apple":7,"minecraft:iron_pickaxe":1009,"minecraft:cobblestone":137,"minecraft:potion":1,"minecraft:cooked_porkchop":15,"minecraft:bucket":13,"alexsmobs:animal_dictionary":1,"minecraft:chainmail_leggings":1},"minecraft:broken":{"minecraft:iron_boots":1,"minecraft:iron_chestplate":1,"minecraft:stone_pickaxe":1,"minecraft:iron_sword":1,"minecraft:wooden_axe":1,"minecraft:chainmail_leggings":1,"minecraft:shield":2,"minecraft:leather_boots":1,"minecraft:iron_pickaxe":3,"minecraft:iron_helmet":1},"minecraft:killed":{"born_in_chaos_v1:restless_spirit":1,"minecraft:spider":3,"illagerinvasion:basher":1,"minecraft:skeleton":5,"alexsmobs:banana_slug":2,"illagerinvasion:provoker":3,"minecraft:silverfish":8,"minecraft:illusioner":1,"minecraft:piglin_brute":1,"born_in_chaos_v1:firelight_not_despawn":1,"minecraft:wolf":1,"minecraft:piglin":2,"minecraft:pig":4,"luminousworld:crab":1,"minecraft:pillager":5,"minecraft:zombie":17,"born_in_chaos_v1:corpse_fly":5,"enemyexpansion:botfly":12,"bettermobs:capivara":1,"minecraft:cow":3,"luminousworld:frostbitten_zombie":2,"minecraft:evoker":1,"minecraft:vindicator":2,"born_in_chaos_v1:zombie_bruiser":1,"born_in_chaos_v1:maggot":3,"luminousworld:swamp_skeleton":1,"born_in_chaos_v1:corpse_fish":1,"friendsandfoes:iceologer":1,"undead_revamp2:the_moonflower":1,"born_in_chaos_v1:decrepit_skeleton":2,"iceandfire:ice_dragon":1},"minecraft:picked_up":{"illagerinvasion:platinum_chunk":2,"minecraft:flower_pot":1,"minecraft:diamond_sword":1,"minecraft:raw_copper":55,"minecraft:string":17,"minecraft:waxed_cut_copper_slab":1,"minecraft:smooth_stone_slab":1,"minecraft:experience_bottle":65,"minecraft:diamond_leggings":1,"minecraft:cobbled_deepslate":1064,"minecraft:cobblestone_slab":1,"minecraft:melon_slice":6,"minecraft:coal_block":2,"minecraft:furnace":4,"minecraft:stick":13,"luminousworld:auburnlog":7,"minecraft:torch":32,"minecraft:porkchop":7,"tombstone:grave_dust":4,"minecraft:diorite":23,"minecraft:light_gray_bed":2,"minecraft:rotten_flesh":30,"iceandfire:armor_green_helmet":1,"minecraft:obsidian":1,"minecraft:cobblestone":418,"minecraft:birch_log":5,"minecraft:feather":3,"minecraft:repeater":1,"minecraft:andesite":17,"minecraft:flint":5,"minecraft:tuff":45,"minecraft:dirt":19,"minecraft:lapis_lazuli":23,"minecraft:stripped_birch_log":1,"minecraft:leather_boots":1,"minecraft:bone":4,"minecraft:bow":1,"minecraft:wheat_seeds":4,"minecraft:raw_gold":39,"minecraft:bamboo":5,"minecraft:moss_block":3,"minecraft:oak_planks":1,"friendsandfoes:totem_of_freezing":1,"minecraft:cooked_porkchop":20,"iceandfire:dragonscales_sapphire":10,"minecraft:dead_bush":1,"minecraft:polished_andesite":2,"minecraft:diamond":130,"minecraft:blue_ice":1,"minecraft:granite":25,"minecraft:spruce_sign":1,"minecraft:golden_apple":1,"sophisticatedbackpacks:feeding_upgrade":1,"minecraft:bread":2,"minecraft:emerald":12,"alexsmobs:banana_slug_slime":1,"born_in_chaos_v1:rotten_fish":1,"minecraft:oak_sapling":6,"iceandfire:silver_nugget":6,"iceandfire:raw_silver":4,"minecraft:charcoal":2,"minecraft:crafting_table":6,"friendsandfoes:totem_of_illusion":1,"minecraft:gold_block":2,"minecraft:chain":1,"unusualprehistory:opal_chunk":6,"minecraft:red_bed":1,"unusualprehistory:paleo_fossil":3,"minecraft:beef":8,"minecraft:oak_boat":2,"minecraft:iron_nugget":6,"luminousworld:white_oak_plank":2,"iceandfire:ice_dragon_heart":1,"minecraft:raw_iron":175,"naturalist:duck":2,"iceandfire:dragonbone":30,"minecraft:copper_ingot":43,"sophisticatedbackpacks:crafting_upgrade":1,"minecraft:stone_button":2,"minecraft:redstone":5,"minecraft:stone_pressure_plate":46,"minecraft:dark_oak_planks":6,"iceandfire:dragon_skull_ice":2,"minecraft:diamond_chestplate":1,"minecraft:arrow":6,"minecraft:hay_block":19,"alexscaves:spelunkery_table":1,"unusualprehistory:opal_fossil":1,"minecraft:totem_of_undying":1,"minecraft:glow_berries":1,"born_in_chaos_v1:corpse_maggot":8,"born_in_chaos_v1:monster_flesh":1,"luminousworld:ishstone":3,"minecraft:leather":19,"minecraft:red_mushroom":1,"minecraft:birch_planks":5,"minecraft:oak_log":19,"minecraft:white_banner":1,"naturalist:bass":8,"minecraft:red_carpet":12,"minecraft:apple":3,"minecraft:stone_bricks":8,"minecraft:iron_ingot":1,"minecraft:book":21,"born_in_chaos_v1:ethereal_spirit":1,"minecraft:gravel":35,"minecraft:white_bed":9,"minecraft:spider_eye":1,"minecraft:chainmail_leggings":1,"iceandfire:ice_dragon_flesh":3,"minecraft:coal":144}},"DataVersion":3465}