{"stats":{"minecraft:crafted":{"minecraft:wooden_sword":1,"minecraft:oak_planks":76,"minecraft:furnace":3,"naturalist:cooked_bass":8,"minecraft:iron_boots":1,"minecraft:stone_pickaxe":1,"sophisticatedbackpacks:iron_backpack":1,"minecraft:wheat":45,"minecraft:cooked_beef":3,"sophisticatedbackpacks:backpack":1,"minecraft:cooked_porkchop":3,"minecraft:crafting_table":3,"minecraft:wooden_pickaxe":1,"minecraft:iron_helmet":1,"minecraft:iron_sword":2,"sophisticatedbackpacks:gold_backpack":1,"minecraft:bucket":2,"minecraft:birch_planks":20,"minecraft:bread":19,"minecraft:iron_chestplate":1,"minecraft:shield":3,"minecraft:stick":20,"quark:oak_chest":1,"minecraft:iron_pickaxe":4,"minecraft:iron_ingot":61,"minecraft:wooden_axe":2,"minecraft:gold_ingot":9,"minecraft:torch":52},"minecraft:killed_by":{"undead_revamp2:the_moonflower":1,"minecraft:zombie":1,"born_in_chaos_v1:supreme_bonescaller_stage_2":1},"minecraft:used":{"born_in_chaos_v1:ethereal_spirit":4,"born_in_chaos_v1:intoxicating_decoction":1,"minecraft:shield":142,"minecraft:iron_sword":165,"minecraft:torch":43,"minecraft:dirt":16,"minecraft:carrot":2,"naturalist:cooked_bass":8,"minecraft:granite":13,"minecraft:wooden_axe":49,"minecraft:iron_helmet":1,"minecraft:iron_boots":1,"naturalist:duck":2,"minecraft:waxed_cut_copper_slab":1,"minecraft:oak_sapling":5,"minecraft:furnace":7,"tombstone:gift":1,"minecraft:cooked_beef":2,"minecraft:light_gray_bed":2,"born_in_chaos_v1:mint_ice_cream":1,"minecraft:water_bucket":2,"tombstone:scroll_of_knowledge":1,"minecraft:diorite":23,"minecraft:birch_planks":7,"minecraft:stone_pickaxe":125,"minecraft:wooden_pickaxe":20,"minecraft:glow_berries":2,"minecraft:crafting_table":8,"minecraft:white_bed":1,"ad_astra:oil_bucket":2,"minecraft:apple":1,"minecraft:melon_slice":6,"minecraft:bread":14,"minecraft:iron_pickaxe":642,"minecraft:gravel":3,"minecraft:wooden_sword":3,"minecraft:cobblestone":50,"minecraft:cooked_porkchop":3,"minecraft:andesite":17,"minecraft:bucket":6,"minecraft:chain":1,"alexsmobs:animal_dictionary":1,"minecraft:chainmail_leggings":1},"minecraft:mined":{"minecraft:waxed_cut_copper_slab":1,"minecraft:stone_pressure_plate":51,"minecraft:white_bed":2,"iceandfire:silver_ore":4,"minecraft:granite":25,"minecraft:infested_cobblestone":4,"minecraft:light_gray_bed":2,"minecraft:hay_block":9,"minecraft:furnace":4,"minecraft:iron_ore":101,"minecraft:fire":2,"minecraft:andesite":17,"minecraft:gold_block":1,"minecraft:cave_vines":1,"minecraft:cobblestone_slab":1,"minecraft:stone":406,"minecraft:powder_snow":12,"minecraft:crafting_table":5,"minecraft:torch":1,"minecraft:melon":1,"minecraft:campfire":1,"luminousworld:grassflowers":1,"minecraft:cobblestone":3,"minecraft:diorite":23,"minecraft:wall_torch":11,"minecraft:repeater":1,"minecraft:grass":2,"iceandfire:silver_pile":1,"minecraft:oak_log":17,"minecraft:coal_ore":89,"luminousworld:ishstone":3,"minecraft:dirt":16,"luminousworld:grassvariant_3":1,"minecraft:cobweb":3,"minecraft:gold_ore":6,"minecraft:oak_leaves":8,"minecraft:deepslate":1,"minecraft:fern":2},"minecraft:broken":{"minecraft:stone_pickaxe":1,"minecraft:shield":1,"minecraft:iron_pickaxe":2,"minecraft:wooden_axe":1},"minecraft:picked_up":{"minecraft:charcoal":2,"minecraft:crafting_table":5,"illagerinvasion:platinum_chunk":2,"minecraft:gold_block":1,"minecraft:chain":1,"minecraft:string":5,"minecraft:waxed_cut_copper_slab":1,"minecraft:cobbled_deepslate":1,"minecraft:beef":5,"minecraft:cobblestone_slab":1,"minecraft:melon_slice":6,"minecraft:furnace":4,"iceandfire:dragonbone":20,"minecraft:raw_iron":175,"minecraft:stick":12,"naturalist:duck":2,"minecraft:torch":13,"minecraft:porkchop":7,"minecraft:diorite":23,"minecraft:stone_pressure_plate":46,"iceandfire:dragon_skull_ice":1,"minecraft:light_gray_bed":2,"minecraft:arrow":2,"minecraft:rotten_flesh":6,"minecraft:hay_block":5,"minecraft:glow_berries":1,"minecraft:cobblestone":406,"minecraft:birch_log":5,"minecraft:feather":3,"minecraft:repeater":1,"minecraft:andesite":17,"luminousworld:ishstone":3,"minecraft:leather":2,"minecraft:oak_log":19,"minecraft:dirt":16,"minecraft:white_banner":1,"naturalist:bass":8,"minecraft:bone":3,"minecraft:apple":1,"minecraft:wheat_seeds":2,"minecraft:raw_gold":6,"minecraft:iron_ingot":1,"minecraft:bamboo":5,"minecraft:oak_planks":1,"friendsandfoes:totem_of_freezing":1,"born_in_chaos_v1:ethereal_spirit":1,"minecraft:gravel":4,"minecraft:white_bed":2,"minecraft:spider_eye":1,"minecraft:chainmail_leggings":1,"minecraft:blue_ice":1,"minecraft:granite":25,"minecraft:emerald":3,"minecraft:oak_sapling":5,"iceandfire:raw_silver":4,"minecraft:coal":138,"iceandfire:silver_nugget":6},"minecraft:dropped":{"minecraft:wheat_seeds":1,"minecraft:cooked_beef":1,"friendsandfoes:totem_of_freezing":1,"supplementaries:ash":1,"minecraft:shield":1},"minecraft:killed":{"born_in_chaos_v1:restless_spirit":1,"minecraft:spider":3,"minecraft:skeleton":3,"luminousworld:swamp_skeleton":1,"minecraft:silverfish":8,"friendsandfoes:iceologer":1,"minecraft:wolf":1,"minecraft:pig":4,"born_in_chaos_v1:decrepit_skeleton":2,"luminousworld:crab":1,"minecraft:pillager":5,"minecraft:zombie":1,"born_in_chaos_v1:corpse_fly":1,"bettermobs:capivara":1,"minecraft:cow":2},"minecraft:custom":{"minecraft:inspect_dropper":1,"minecraft:mob_kills":35,"minecraft:interact_with_crafting_table":39,"minecraft:open_barrel":8,"minecraft:damage_dealt_resisted":830,"minecraft:leave_game":2,"minecraft:time_since_death":59695,"minecraft:climb_one_cm":2405,"minecraft:sprint_one_cm":270288,"minecraft:walk_one_cm":417316,"minecraft:damage_blocked_by_shield":3670,"minecraft:drop":5,"minecraft:play_time":166937,"minecraft:deaths":6,"minecraft:sneak_time":1634,"minecraft:walk_under_water_one_cm":16226,"minecraft:boat_one_cm":22254,"minecraft:jump":1747,"minecraft:interact_with_brewingstand":1,"minecraft:walk_on_water_one_cm":46859,"minecraft:total_world_time":166937,"minecraft:interact_with_furnace":43,"tombstone:raider_killed":6,"minecraft:sleep_in_bed":6,"minecraft:time_since_rest":19934,"minecraft:damage_taken":3585,"minecraft:trigger_trapped_chest":2,"minecraft:damage_dealt":6874,"minecraft:swim_one_cm":11744,"minecraft:fly_one_cm":246247,"minecraft:player_kills":1,"minecraft:open_chest":21,"minecraft:crouch_one_cm":5264,"tombstone:undead_killed":7,"minecraft:interact_with_smoker":1,"minecraft:fall_one_cm":36486,"minecraft:inspect_dispenser":4}},"DataVersion":3465}