{"stats":{"minecraft:killed":{"minecraft:pig":2,"naturalist:snake":1,"undead_revamp2:the_moonflower":1,"minecraft:sheep":1,"minecraft:horse":7,"ecologics:squirrel":1,"minecraft:chicken":1,"born_in_chaos_v1:corpse_fly":1,"minecraft:illusioner":1,"alexsmobs:fly":1,"undead_revamp2:thespitter":1,"earthmobsmod:albino_cow":6},"minecraft:custom":{"minecraft:interact_with_furnace":2,"minecraft:mob_kills":24,"tombstone:raider_killed":1,"minecraft:interact_with_crafting_table":13,"minecraft:open_barrel":3,"minecraft:eat_cake_slice":5,"minecraft:leave_game":3,"minecraft:time_since_death":7531,"minecraft:sleep_in_bed":7,"minecraft:climb_one_cm":12228,"minecraft:time_since_rest":7032,"minecraft:sprint_one_cm":291545,"minecraft:damage_taken":1400,"minecraft:walk_one_cm":160367,"minecraft:damage_blocked_by_shield":285,"minecraft:drop":26,"minecraft:damage_dealt":3330,"minecraft:player_kills":1,"minecraft:swim_one_cm":16684,"minecraft:fly_one_cm":222810,"minecraft:open_chest":6,"minecraft:crouch_one_cm":28,"minecraft:play_time":77396,"tombstone:undead_killed":2,"minecraft:deaths":1,"minecraft:sneak_time":342,"minecraft:walk_under_water_one_cm":1648,"minecraft:interact_with_brewingstand":1,"minecraft:boat_one_cm":18749,"minecraft:jump":1302,"minecraft:walk_on_water_one_cm":14063,"minecraft:total_world_time":77396,"minecraft:fall_one_cm":40934,"minecraft:horse_one_cm":1171},"minecraft:dropped":{"minecraft:bread":11,"minecraft:porkchop":5,"artifacts:villager_hat":1,"minecraft:oak_planks":7,"luminousworld:blueberry":2,"minecraft:acacia_sapling":1},"minecraft:used":{"minecraft:peony":5,"minecraft:armor_stand":2,"minecraft:shield":9,"minecraft:wooden_pickaxe":8,"minecraft:iron_sword":78,"minecraft:white_wool":1,"minecraft:dirt":14,"minecraft:white_carpet":4,"minecraft:crafting_table":6,"minecraft:white_bed":5,"minecraft:spruce_fence":2,"born_in_chaos_v1:corpse_maggot":1,"minecraft:wooden_axe":152,"minecraft:lantern":6,"minecraft:bread":24,"minecraft:golden_helmet":1,"minecraft:item_frame":4,"supplementaries:timber_cross_brace":1,"minecraft:white_banner":1,"minecraft:yellow_bed":1,"alexsmobs:animal_dictionary":1,"minecraft:cooked_beef":1,"minecraft:coarse_dirt":1},"minecraft:picked_up":{"minecraft:wooden_axe":1,"minecraft:coarse_dirt":1,"born_in_chaos_v1:corpse_maggot":1,"minecraft:crafting_table":7,"minecraft:leather_chestplate":2,"minecraft:cooked_beef":1,"minecraft:chicken":1,"minecraft:leather_leggings":2,"minecraft:leather":12,"minecraft:brown_mushroom":1,"friendsandfoes:totem_of_illusion":1,"minecraft:enchanted_book":2,"minecraft:oak_log":14,"minecraft:yellow_bed":2,"minecraft:string":3,"minecraft:dirt":14,"minecraft:lantern":6,"minecraft:white_banner":1,"supplementaries:timber_cross_brace":1,"minecraft:white_carpet":4,"minecraft:armor_stand":2,"minecraft:item_frame":8,"minecraft:apple":1,"undead_revamp2:blacpetalblock":1,"minecraft:bow":1,"minecraft:wheat_seeds":2,"minecraft:beef":11,"minecraft:oak_boat":1,"minecraft:sugar_cane":2,"minecraft:acacia_sapling":1,"minecraft:oak_planks":11,"minecraft:iron_sword":1,"minecraft:book":24,"luminousworld:spuds":1,"minecraft:spruce_fence":2,"quark:blossom_log":10,"minecraft:porkchop":9,"minecraft:cake":1,"minecraft:white_bed":5,"minecraft:leather_helmet":2,"minecraft:rotten_flesh":2,"luminousworld:blueberry":2,"artifacts:villager_hat":1,"minecraft:peony":5,"ecologics:coconut_log":6,"minecraft:diamond_boots":2,"minecraft:hay_block":14,"minecraft:emerald":1,"minecraft:bread":11,"supplementaries:ash":1,"minecraft:mutton":2,"minecraft:cobblestone":7,"minecraft:white_wool":36},"minecraft:mined":{"minecraft:scaffolding":1,"minecraft:white_bed":5,"luminousworld:grassvariant_4":2,"supplementaries:timber_cross_brace":1,"minecraft:crafting_table":7,"minecraft:grass_block":15,"minecraft:spruce_fence":2,"quark:blossom_log":10,"luminousworld:grassvariant_2":2,"minecraft:tall_grass":14,"minecraft:cobblestone":3,"ecologics:coconut_log":6,"minecraft:oak_planks":2,"minecraft:sugar_cane":2,"minecraft:hay_block":14,"minecraft:coarse_dirt":5,"minecraft:white_carpet":4,"luminousworld:mossbuds_3":1,"minecraft:yellow_bed":2,"minecraft:peony":2,"minecraft:grass":12,"minecraft:bookshelf":9,"minecraft:oak_log":14,"minecraft:cobweb":8,"minecraft:dirt":1,"luminousworld:grassvariant_3":2,"minecraft:stone":2,"minecraft:white_wool":37,"minecraft:oak_leaves":3},"minecraft:broken":{"minecraft:wooden_axe":2},"minecraft:crafted":{"minecraft:oak_planks":36,"sophisticatedbackpacks:backpack":1,"minecraft:wooden_pickaxe":1,"minecraft:bread":15,"minecraft:string":132,"minecraft:shield":1,"minecraft:stick":12,"quark:oak_chest":1,"minecraft:iron_pickaxe":1,"minecraft:wooden_axe":4,"minecraft:wheat":45}},"DataVersion":3465}