{"stats":{"minecraft:crafted":{"minecraft:oak_planks":20,"minecraft:stick":8,"minecraft:wooden_pickaxe":1,"minecraft:wooden_axe":2},"minecraft:mined":{"minecraft:crafting_table":3,"minecraft:grass":4,"minecraft:grass_block":12,"minecraft:oak_log":9,"quark:blossom_log":10,"minecraft:dirt":1,"minecraft:oak_leaves":3},"minecraft:used":{"born_in_chaos_v1:corpse_maggot":1,"minecraft:wooden_axe":52,"minecraft:item_frame":1,"minecraft:dirt":13,"minecraft:crafting_table":2,"alexsmobs:animal_dictionary":1},"minecraft:broken":{"minecraft:wooden_axe":1},"minecraft:picked_up":{"born_in_chaos_v1:corpse_maggot":1,"minecraft:crafting_table":3,"minecraft:leather":8,"quark:blossom_log":10,"minecraft:oak_log":9,"minecraft:dirt":13,"minecraft:item_frame":1,"minecraft:apple":1,"minecraft:beef":11,"minecraft:emerald":1},"minecraft:dropped":{"minecraft:bread":4},"minecraft:killed":{"minecraft:horse":4,"born_in_chaos_v1:corpse_fly":1,"alexsmobs:fly":1,"earthmobsmod:albino_cow":5},"minecraft:custom":{"minecraft:time_since_rest":11525,"minecraft:sprint_one_cm":38610,"minecraft:damage_taken":20,"minecraft:walk_one_cm":26509,"minecraft:mob_kills":11,"minecraft:drop":4,"minecraft:damage_dealt":1362,"minecraft:player_kills":1,"minecraft:interact_with_crafting_table":2,"minecraft:fly_one_cm":31548,"minecraft:open_chest":1,"minecraft:crouch_one_cm":19,"minecraft:play_time":11525,"minecraft:sneak_time":49,"minecraft:walk_under_water_one_cm":801,"minecraft:jump":217,"minecraft:eat_cake_slice":1,"minecraft:leave_game":2,"minecraft:time_since_death":11525,"minecraft:walk_on_water_one_cm":831,"minecraft:total_world_time":11525,"minecraft:fall_one_cm":4610,"minecraft:horse_one_cm":1171}},"DataVersion":3465}