{"stats":{"minecraft:crafted":{"minecraft:cooked_beef":11,"minecraft:oak_door":3,"minecraft:oak_planks":124,"minecraft:coal":72,"sophisticatedbackpacks:backpack":1,"minecraft:crafting_table":4,"minecraft:wooden_pickaxe":1,"supplementaries:timber_cross_brace":1,"minecraft:stone_axe":2,"minecraft:bread":3,"minecraft:cooked_mutton":2,"minecraft:air":0,"minecraft:string":4,"minecraft:shield":1,"minecraft:stick":24,"quark:oak_chest":1,"minecraft:iron_ingot":3,"minecraft:stone_pickaxe":1,"furnitura:small_table_oak":1,"minecraft:torch":4},"minecraft:killed_by":{"minecraft:player":1},"minecraft:mined":{"minecraft:dandelion":1,"minecraft:oak_fence":2,"minecraft:crafting_table":3,"minecraft:torch":1,"minecraft:grass_block":6,"minecraft:spruce_fence":1,"luminousworld:grassvariant_2":6,"minecraft:cobblestone":3,"minecraft:coal_block":8,"minecraft:tall_grass":44,"minecraft:sugar_cane":3,"minecraft:oak_planks":8,"minecraft:spruce_stairs":3,"minecraft:hay_block":19,"minecraft:furnace":2,"minecraft:iron_ore":3,"minecraft:wheat":6,"minecraft:stripped_oak_wood":10,"minecraft:yellow_bed":7,"minecraft:grass":53,"minecraft:bookshelf":9,"minecraft:oak_log":35,"minecraft:coal_ore":26,"minecraft:lantern":3,"minecraft:dirt":14,"luminousworld:grassvariant_3":7,"minecraft:white_banner":1,"minecraft:stone":26,"minecraft:white_wool":24,"minecraft:oak_leaves":4},"minecraft:used":{"minecraft:stone_sword":26,"furnitura:small_table_oak":1,"minecraft:stone_pickaxe":55,"minecraft:oak_planks":75,"minecraft:wooden_pickaxe":22,"minecraft:cooked_chicken":3,"minecraft:rotten_flesh":1,"minecraft:oak_door":1,"minecraft:torch":3,"minecraft:dirt":17,"minecraft:crafting_table":7,"minecraft:lantern":6,"minecraft:bread":3,"minecraft:stone_axe":117,"minecraft:cobblestone":20,"supplementaries:timber_cross_brace":2,"minecraft:white_banner":2,"minecraft:furnace":1,"minecraft:yellow_bed":7,"alexsmobs:animal_dictionary":2,"minecraft:cooked_beef":4},"minecraft:broken":{"minecraft:stone_axe":1},"minecraft:picked_up":{"born_in_chaos_v1:corpse_maggot":1,"minecraft:crafting_table":3,"minecraft:wheat":10,"minecraft:chicken":2,"minecraft:leather":17,"minecraft:wooden_pickaxe":1,"minecraft:oak_log":35,"minecraft:yellow_bed":7,"minecraft:dirt":20,"minecraft:lantern":6,"minecraft:white_banner":2,"supplementaries:timber_cross_brace":1,"minecraft:item_frame":4,"minecraft:bone":4,"minecraft:apple":1,"minecraft:wheat_seeds":51,"minecraft:beef":17,"minecraft:stone_pickaxe":1,"minecraft:cooked_chicken":3,"minecraft:stripped_oak_wood":9,"minecraft:sugar_cane":9,"minecraft:coal_block":8,"minecraft:oak_planks":6,"minecraft:furnace":2,"minecraft:book":30,"minecraft:raw_iron":3,"minecraft:oak_fence":2,"minecraft:torch":2,"minecraft:dandelion":1,"minecraft:spruce_stairs":6,"minecraft:spruce_fence":1,"minecraft:white_bed":1,"minecraft:stone_pressure_plate":1,"minecraft:stone_sword":1,"luminousworld:grassflowers":1,"minecraft:rotten_flesh":7,"minecraft:slime_ball":5,"minecraft:stone_axe":1,"minecraft:pumpkin_pie":1,"minecraft:peony":3,"minecraft:hay_block":19,"supplementaries:ash":1,"minecraft:mutton":2,"minecraft:black_wool":1,"minecraft:coal":50,"minecraft:white_wool":24,"minecraft:cobblestone":29,"minecraft:ender_pearl":1},"minecraft:dropped":{"minecraft:white_bed":1,"minecraft:spruce_stairs":6,"minecraft:spruce_fence":1,"minecraft:item_frame":4,"supplementaries:ash":1,"minecraft:dirt":3,"luminousworld:grassflowers":1,"minecraft:peony":3,"minecraft:stone_pressure_plate":1,"minecraft:wooden_pickaxe":1},"minecraft:killed":{"earthmobsmod:duck":2,"undead_revamp2:thehunter":1,"minecraft:sheep":1,"minecraft:horse":6,"ecologics:squirrel":1,"born_in_chaos_v1:corpse_fly":1,"undead_revamp2:thepregnant":1,"earthmobsmod:albino_cow":3,"minecraft:cow":6},"minecraft:custom":{"minecraft:interact_with_furnace":17,"minecraft:mob_kills":22,"minecraft:interact_with_crafting_table":13,"minecraft:leave_game":4,"minecraft:time_since_death":56103,"minecraft:sleep_in_bed":5,"minecraft:climb_one_cm":3316,"minecraft:time_since_rest":5268,"minecraft:sprint_one_cm":131592,"minecraft:damage_taken":720,"minecraft:walk_one_cm":150337,"minecraft:drop":11,"minecraft:damage_dealt":3240,"minecraft:swim_one_cm":18406,"minecraft:fly_one_cm":173830,"minecraft:open_chest":1,"minecraft:crouch_one_cm":6479,"minecraft:play_time":71679,"tombstone:undead_killed":2,"minecraft:deaths":1,"minecraft:sneak_time":3063,"minecraft:walk_under_water_one_cm":3018,"minecraft:jump":1180,"minecraft:walk_on_water_one_cm":5302,"minecraft:total_world_time":71679,"minecraft:fall_one_cm":30153}},"DataVersion":3465}