{"stats":{"minecraft:crafted":{"minecraft:cooked_beef":11,"minecraft:oak_planks":76,"minecraft:coal":72,"sophisticatedbackpacks:backpack":1,"minecraft:crafting_table":3,"minecraft:wooden_pickaxe":1,"minecraft:stone_axe":1,"minecraft:bread":3,"minecraft:cooked_mutton":2,"minecraft:air":0,"minecraft:string":4,"minecraft:shield":1,"minecraft:stick":8,"quark:oak_chest":1,"minecraft:iron_ingot":3,"minecraft:stone_pickaxe":1,"minecraft:torch":4},"minecraft:killed_by":{"minecraft:player":1},"minecraft:mined":{"minecraft:dandelion":1,"minecraft:oak_fence":2,"minecraft:crafting_table":3,"minecraft:torch":1,"minecraft:grass_block":6,"minecraft:spruce_fence":1,"luminousworld:grassvariant_2":3,"minecraft:coal_block":8,"minecraft:tall_grass":31,"minecraft:sugar_cane":3,"minecraft:oak_planks":2,"minecraft:spruce_stairs":3,"minecraft:hay_block":19,"minecraft:furnace":2,"minecraft:iron_ore":3,"minecraft:wheat":6,"minecraft:yellow_bed":6,"minecraft:grass":36,"minecraft:bookshelf":9,"minecraft:oak_log":35,"minecraft:coal_ore":26,"minecraft:dirt":14,"luminousworld:grassvariant_3":1,"minecraft:stone":26,"minecraft:white_wool":24,"minecraft:oak_leaves":4},"minecraft:used":{"minecraft:stone_sword":26,"minecraft:stone_pickaxe":50,"minecraft:oak_planks":26,"minecraft:wooden_pickaxe":19,"minecraft:cooked_chicken":3,"minecraft:rotten_flesh":1,"minecraft:torch":3,"minecraft:dirt":17,"minecraft:crafting_table":5,"minecraft:bread":1,"minecraft:stone_axe":101,"minecraft:cobblestone":20,"minecraft:furnace":1,"minecraft:yellow_bed":5,"alexsmobs:animal_dictionary":2,"minecraft:cooked_beef":4},"minecraft:picked_up":{"born_in_chaos_v1:corpse_maggot":1,"minecraft:crafting_table":3,"minecraft:wheat":10,"minecraft:chicken":2,"minecraft:leather":17,"minecraft:wooden_pickaxe":1,"minecraft:oak_log":35,"minecraft:yellow_bed":6,"minecraft:dirt":20,"minecraft:lantern":3,"minecraft:white_banner":1,"minecraft:item_frame":4,"minecraft:bone":4,"minecraft:apple":1,"minecraft:wheat_seeds":48,"minecraft:beef":17,"minecraft:stone_pickaxe":1,"minecraft:cooked_chicken":3,"minecraft:sugar_cane":9,"minecraft:coal_block":8,"minecraft:oak_planks":2,"minecraft:furnace":2,"minecraft:book":30,"minecraft:raw_iron":3,"minecraft:oak_fence":2,"minecraft:torch":2,"minecraft:dandelion":1,"minecraft:spruce_stairs":6,"minecraft:spruce_fence":1,"minecraft:white_bed":1,"minecraft:stone_pressure_plate":1,"minecraft:stone_sword":1,"luminousworld:grassflowers":1,"minecraft:rotten_flesh":7,"minecraft:slime_ball":5,"minecraft:stone_axe":1,"minecraft:pumpkin_pie":1,"minecraft:peony":3,"minecraft:hay_block":19,"supplementaries:ash":1,"minecraft:mutton":2,"minecraft:black_wool":1,"minecraft:coal":50,"minecraft:white_wool":24,"minecraft:cobblestone":26,"minecraft:ender_pearl":1},"minecraft:dropped":{"minecraft:white_bed":1,"minecraft:spruce_stairs":6,"minecraft:spruce_fence":1,"minecraft:item_frame":4,"supplementaries:ash":1,"minecraft:dirt":3,"luminousworld:grassflowers":1,"minecraft:peony":3,"minecraft:stone_pressure_plate":1,"minecraft:wooden_pickaxe":1},"minecraft:killed":{"earthmobsmod:duck":2,"undead_revamp2:thehunter":1,"minecraft:sheep":1,"minecraft:horse":6,"ecologics:squirrel":1,"born_in_chaos_v1:corpse_fly":1,"undead_revamp2:thepregnant":1,"earthmobsmod:albino_cow":3,"minecraft:cow":6},"minecraft:custom":{"minecraft:interact_with_furnace":17,"minecraft:mob_kills":22,"minecraft:interact_with_crafting_table":8,"minecraft:leave_game":3,"minecraft:time_since_death":44432,"minecraft:sleep_in_bed":4,"minecraft:climb_one_cm":3316,"minecraft:time_since_rest":6522,"minecraft:sprint_one_cm":115941,"minecraft:damage_taken":690,"minecraft:walk_one_cm":124351,"minecraft:drop":11,"minecraft:damage_dealt":3240,"minecraft:swim_one_cm":14063,"minecraft:fly_one_cm":154495,"minecraft:open_chest":1,"minecraft:crouch_one_cm":3544,"minecraft:play_time":60008,"tombstone:undead_killed":2,"minecraft:deaths":1,"minecraft:sneak_time":2122,"minecraft:walk_under_water_one_cm":2507,"minecraft:jump":1027,"minecraft:walk_on_water_one_cm":5194,"minecraft:total_world_time":60008,"minecraft:fall_one_cm":25772}},"DataVersion":3465}