{"stats":{"minecraft:killed":{"earthmobsmod:duck":2,"undead_revamp2:thehunter":1,"born_in_chaos_v1:thornshell_crab":1,"minecraft:horse":6,"undead_revamp2:thepregnant":1,"earthmobsmod:albino_cow":3,"minecraft:sheep":1,"ecologics:squirrel":1,"born_in_chaos_v1:corpse_fly":1,"minecraft:cow":6},"minecraft:dropped":{"minecraft:spruce_stairs":6,"friendsandfoes:totem_of_illusion":1,"minecraft:item_frame":4,"minecraft:dirt":3,"tombstone:grave_dust":1,"minecraft:white_bed":1,"minecraft:spruce_fence":1,"supplementaries:ash":1,"luminousworld:grassflowers":1,"minecraft:peony":3,"minecraft:stone_pressure_plate":1,"minecraft:brown_carpet":2,"minecraft:wooden_pickaxe":1},"minecraft:custom":{"minecraft:mob_kills":23,"minecraft:interact_with_crafting_table":16,"minecraft:open_barrel":1,"minecraft:leave_game":4,"minecraft:time_since_death":7739,"minecraft:climb_one_cm":3316,"minecraft:sprint_one_cm":216345,"minecraft:walk_one_cm":216380,"minecraft:drop":15,"minecraft:play_time":100463,"minecraft:deaths":2,"minecraft:sneak_time":3441,"minecraft:walk_under_water_one_cm":3898,"minecraft:boat_one_cm":30109,"minecraft:jump":1606,"minecraft:walk_on_water_one_cm":7907,"minecraft:total_world_time":100463,"minecraft:interact_with_furnace":17,"minecraft:sleep_in_bed":6,"minecraft:time_since_rest":7613,"minecraft:damage_taken":1305,"minecraft:damage_dealt":3547,"minecraft:swim_one_cm":26485,"minecraft:fly_one_cm":227536,"minecraft:open_chest":2,"minecraft:crouch_one_cm":7042,"tombstone:undead_killed":2,"minecraft:fall_one_cm":40248},"minecraft:used":{"minecraft:stone_sword":28,"minecraft:spruce_slab":1,"minecraft:spruce_planks":2,"minecraft:cooked_chicken":3,"minecraft:rotten_flesh":1,"minecraft:oak_door":1,"minecraft:torch":4,"minecraft:dirt":17,"minecraft:lantern":6,"furnitura:oak_chair":2,"minecraft:furnace":1,"tombstone:gift":1,"minecraft:cooked_beef":9,"furnitura:small_table_oak":1,"minecraft:stone_pickaxe":82,"minecraft:oak_planks":79,"minecraft:wooden_pickaxe":22,"minecraft:crafting_table":8,"minecraft:oak_log":1,"minecraft:bread":3,"minecraft:stone_axe":141,"minecraft:cobblestone":20,"minecraft:purple_bed":1,"minecraft:white_banner":2,"supplementaries:timber_cross_brace":2,"minecraft:yellow_bed":7,"alexsmobs:animal_dictionary":2,"minecraft:oak_boat":1,"minecraft:coarse_dirt":3},"minecraft:killed_by":{"minecraft:player":1,"undead_revamp2:thespitter":1},"minecraft:picked_up":{"minecraft:crafting_table":4,"minecraft:coarse_dirt":13,"minecraft:wheat":10,"minecraft:chicken":2,"minecraft:brown_mushroom":4,"friendsandfoes:totem_of_illusion":1,"minecraft:wooden_pickaxe":1,"supplementaries:timber_cross_brace":2,"minecraft:item_frame":4,"minecraft:spruce_planks":2,"minecraft:beef":17,"minecraft:spruce_slab":1,"minecraft:coal_block":8,"minecraft:sugar_cane":14,"minecraft:furnace":2,"minecraft:raw_iron":3,"minecraft:oak_fence":2,"minecraft:torch":2,"minecraft:spruce_stairs":6,"minecraft:spruce_fence":1,"minecraft:stone_pressure_plate":1,"minecraft:brown_carpet":2,"minecraft:arrow":4,"luminousworld:grassflowers":1,"minecraft:stone_sword":1,"minecraft:rotten_flesh":7,"furnitura:small_table_oak":1,"minecraft:pumpkin_pie":1,"minecraft:peony":3,"minecraft:hay_block":19,"ecologics:coconut_log":7,"born_in_chaos_v1:spiny_shell":4,"supplementaries:ash":1,"minecraft:mutton":2,"minecraft:white_wool":24,"minecraft:cobblestone":46,"born_in_chaos_v1:corpse_maggot":1,"minecraft:leather":17,"minecraft:oak_log":40,"minecraft:yellow_bed":7,"furnitura:oak_chair":2,"minecraft:dirt":22,"minecraft:lantern":6,"minecraft:white_banner":2,"minecraft:bone":4,"minecraft:apple":1,"minecraft:wheat_seeds":52,"minecraft:stone_pickaxe":1,"minecraft:cooked_chicken":3,"minecraft:stripped_oak_wood":9,"minecraft:oak_planks":6,"minecraft:book":30,"minecraft:dandelion":1,"minecraft:white_bed":2,"minecraft:purple_bed":1,"minecraft:slime_ball":5,"minecraft:stone_axe":1,"luminousworld:blueberry":3,"born_in_chaos_v1:rotten_fish":2,"minecraft:black_wool":1,"minecraft:coal":54,"minecraft:ender_pearl":1},"minecraft:mined":{"minecraft:spruce_planks":2,"minecraft:white_bed":1,"luminousworld:grassvariant_4":1,"luminousworld:blueberry_stage_1":1,"minecraft:grass_block":7,"minecraft:spruce_fence":1,"luminousworld:grassvariant_2":7,"minecraft:coal_block":8,"ecologics:coconut_log":8,"minecraft:large_fern":4,"minecraft:hay_block":19,"furnitura:oak_chair":2,"minecraft:furnace":2,"minecraft:iron_ore":3,"furnitura:small_table_oak":1,"minecraft:bookshelf":9,"minecraft:lantern":3,"minecraft:white_banner":1,"minecraft:stone":41,"minecraft:white_wool":24,"minecraft:spruce_slab":1,"luminousworld:blueberrybush":1,"minecraft:brown_carpet":1,"supplementaries:timber_cross_brace":1,"minecraft:dandelion":1,"minecraft:oak_fence":2,"minecraft:crafting_table":4,"minecraft:torch":1,"minecraft:tall_grass":44,"minecraft:cobblestone":8,"minecraft:sugar_cane":6,"minecraft:oak_planks":8,"minecraft:spruce_stairs":3,"minecraft:purple_bed":1,"minecraft:coarse_dirt":9,"minecraft:wheat":6,"minecraft:stripped_oak_wood":10,"minecraft:yellow_bed":7,"minecraft:grass":54,"minecraft:oak_log":40,"minecraft:coal_ore":30,"minecraft:dirt":15,"luminousworld:grassvariant_3":8,"minecraft:oak_leaves":4},"minecraft:broken":{"minecraft:stone_axe":1},"minecraft:crafted":{"minecraft:oak_door":3,"minecraft:oak_planks":132,"minecraft:coal":72,"minecraft:cooked_mutton":2,"minecraft:stone_pickaxe":1,"furnitura:small_table_oak":1,"minecraft:cooked_beef":11,"minecraft:oak_slab":6,"sophisticatedbackpacks:backpack":1,"minecraft:crafting_table":4,"minecraft:wooden_pickaxe":1,"supplementaries:timber_cross_brace":1,"minecraft:stone_axe":2,"minecraft:bread":3,"minecraft:air":0,"minecraft:oak_boat":1,"minecraft:string":4,"minecraft:shield":1,"furnitura:oak_chair":1,"minecraft:stick":24,"quark:oak_chest":1,"minecraft:iron_ingot":3,"minecraft:torch":8}},"DataVersion":3465}