{"stats":{"minecraft:crafted":{"minecraft:cooked_beef":1,"minecraft:oak_planks":36,"minecraft:crafting_table":2,"minecraft:stick":8,"minecraft:wooden_pickaxe":1,"minecraft:stone_pickaxe":1,"minecraft:torch":4,"minecraft:stone_axe":1,"minecraft:air":0},"minecraft:killed_by":{"minecraft:player":1},"minecraft:used":{"minecraft:stone_pickaxe":34,"minecraft:wooden_pickaxe":19,"minecraft:rotten_flesh":1,"minecraft:torch":1,"minecraft:stone_axe":34,"minecraft:dirt":14,"minecraft:crafting_table":3,"alexsmobs:animal_dictionary":2,"minecraft:cooked_beef":1},"minecraft:mined":{"minecraft:iron_ore":1,"minecraft:yellow_bed":1,"minecraft:crafting_table":2,"minecraft:grass":28,"minecraft:coal_ore":26,"minecraft:grass_block":5,"minecraft:oak_log":12,"minecraft:dirt":11,"minecraft:tall_grass":27,"minecraft:stone":26,"minecraft:oak_leaves":4},"minecraft:picked_up":{"minecraft:raw_iron":1,"born_in_chaos_v1:corpse_maggot":1,"minecraft:crafting_table":2,"minecraft:leather":9,"minecraft:wooden_pickaxe":1,"minecraft:oak_log":12,"minecraft:yellow_bed":1,"minecraft:dirt":16,"minecraft:rotten_flesh":1,"minecraft:wheat_seeds":10,"minecraft:beef":11,"supplementaries:ash":1,"minecraft:coal":26,"minecraft:cobblestone":26},"minecraft:dropped":{"minecraft:wooden_pickaxe":1},"minecraft:killed":{"minecraft:horse":4,"undead_revamp2:thehunter":1,"born_in_chaos_v1:corpse_fly":1,"minecraft:cow":6},"minecraft:custom":{"minecraft:time_since_rest":8219,"minecraft:interact_with_furnace":2,"minecraft:sprint_one_cm":40318,"minecraft:damage_taken":340,"minecraft:walk_one_cm":46727,"minecraft:mob_kills":12,"minecraft:drop":1,"minecraft:damage_dealt":1622,"minecraft:swim_one_cm":3146,"minecraft:interact_with_crafting_table":3,"minecraft:fly_one_cm":41689,"minecraft:crouch_one_cm":280,"minecraft:play_time":24008,"tombstone:undead_killed":1,"minecraft:deaths":1,"minecraft:sneak_time":225,"minecraft:walk_under_water_one_cm":606,"minecraft:jump":343,"minecraft:walk_on_water_one_cm":72,"minecraft:leave_game":3,"minecraft:time_since_death":8432,"minecraft:total_world_time":24008,"minecraft:fall_one_cm":7466}},"DataVersion":3465}