{"stats":{"minecraft:crafted":{"minecraft:smooth_stone":4,"minecraft:oak_planks":148,"hangglider:hang_glider":1,"minecraft:cooked_chicken":3,"minecraft:stone":4,"sophisticatedbackpacks:crafting_upgrade":2,"naturalist:cooked_bass":1,"minecraft:cooked_mutton":2,"iceandfire:armor_copper_metal_boots":1,"tombstone:grave_key":2,"iceandfire:armor_copper_metal_chestplate":1,"iceandfire:armor_green_helmet":1,"minecraft:smoker":1,"sophisticatedbackpacks:backpack":2,"minecraft:cooked_porkchop":12,"minecraft:crafting_table":10,"minecraft:wooden_pickaxe":1,"minecraft:copper_ingot":31,"sophisticatedbackpacks:feeding_upgrade":2,"minecraft:birch_planks":4,"iceandfire:armor_green_chestplate":1,"sophisticatedbackpacks:upgrade_base":4,"minecraft:paper":3,"minecraft:string":8,"minecraft:diamond_pickaxe":1,"quark:torch_arrow":1,"sophisticatedbackpacks:diamond_backpack":1,"quark:oak_chest":6,"minecraft:stick":52,"minecraft:iron_ingot":22,"minecraft:iron_pickaxe":2,"minecraft:stone_sword":1,"minecraft:gold_ingot":5,"unusualprehistory:encyclopedia":1,"minecraft:golden_carrot":2,"hangglider:glider_framework":1,"iceandfire:armor_green_leggings":1,"ecologics:coconut_planks":48,"minecraft:furnace":5,"minecraft:blast_furnace":1,"hangglider:glider_wing":2,"born_in_chaos_v1:smoked_monster_flesh":1,"iceandfire:armor_copper_metal_helmet":1,"minecraft:iron_axe":2,"minecraft:stone_pickaxe":5,"sophisticatedbackpacks:iron_backpack":2,"minecraft:cooked_beef":3,"minecraft:iron_sword":1,"sophisticatedbackpacks:gold_backpack":2,"minecraft:bucket":1,"minecraft:stone_axe":1,"minecraft:bread":1,"minecraft:air":0,"minecraft:oak_boat":1,"minecraft:golden_apple":1,"minecraft:gold_nugget":18,"minecraft:torch":164,"iceandfire:armor_green_boots":1},"minecraft:killed_by":{"born_in_chaos_v1:zombie_clown_not_despawn":1,"undead_revamp2:sucker":1,"born_in_chaos_v1:bone_imp_minion":3,"born_in_chaos_v1:corpse_fly":1,"alexsmobs:crocodile":2,"minecraft:zombie":1,"born_in_chaos_v1:supreme_bonescaller_stage_2":4,"minecraft:player":1,"minecraft:skeleton":2},"minecraft:used":{"minecraft:shield":64,"minecraft:stone":10,"minecraft:iron_sword":624,"ecologics:coconut_planks":15,"minecraft:carrot":1,"naturalist:cooked_bass":5,"minecraft:lava_bucket":6,"minecraft:birch_sapling":1,"friendsandfoes:totem_of_freezing":1,"minecraft:furnace":7,"minecraft:stone_pickaxe":280,"minecraft:oak_planks":22,"minecraft:wooden_pickaxe":59,"luminousworld:groundpebbles_1":1,"tombstone:scroll_of_true_sight":1,"minecraft:diamond_axe":44,"minecraft:blast_furnace":2,"born_in_chaos_v1:monster_flesh":1,"minecraft:bread":162,"tombstone:grave_key":15,"born_in_chaos_v1:smoked_monster_flesh":1,"minecraft:diamond_sword":62,"unusualprehistory:encyclopedia":2,"minecraft:andesite":1,"minecraft:oak_boat":2,"ecologics:crab_claw":48,"minecraft:stone_sword":70,"luminousworld:whiteoaklog":8,"minecraft:redstone":1,"minecraft:cooked_chicken":3,"minecraft:torch":164,"iceandfire:armor_copper_metal_boots":1,"minecraft:dirt":102,"minecraft:granite":14,"minecraft:iron_axe":487,"tombstone:gift":1,"minecraft:cooked_beef":4,"minecraft:light_gray_bed":5,"minecraft:cooked_mutton":2,"endermanoverhaul:crimson_pearl":1,"minecraft:crafting_table":13,"minecraft:white_bed":8,"minecraft:smoker":1,"minecraft:oak_log":1,"minecraft:diamond_pickaxe":15,"minecraft:apple":2,"minecraft:iron_pickaxe":334,"minecraft:stone_axe":112,"minecraft:cobblestone":124,"minecraft:cooked_porkchop":13,"minecraft:bucket":7,"alexsmobs:animal_dictionary":1},"minecraft:mined":{"minecraft:dark_oak_planks":2,"minecraft:white_bed":10,"minecraft:stone_pressure_plate":22,"minecraft:spruce_planks":5,"minecraft:obsidian":15,"minecraft:granite":61,"minecraft:grass_block":13,"minecraft:infested_cobblestone":3,"ecologics:coconut_leaves":2,"minecraft:light_gray_bed":5,"minecraft:coal_block":28,"minecraft:chiseled_stone_bricks":1,"minecraft:spawner":23,"minecraft:weeping_vines_plant":2,"minecraft:tall_seagrass":2,"minecraft:iron_ore":9,"minecraft:fire":2,"minecraft:anvil":1,"minecraft:dark_oak_stairs":2,"minecraft:light_gray_concrete":1,"minecraft:iron_block":3,"minecraft:tripwire":3,"minecraft:deepslate_redstone_ore":8,"minecraft:brown_mushroom":2,"minecraft:powder_snow":9,"minecraft:torch":1,"minecraft:blast_furnace":2,"minecraft:cobblestone":11,"minecraft:sugar_cane":13,"minecraft:oak_planks":2,"minecraft:bricks":2,"minecraft:wall_torch":3,"ecologics:seashell":1,"minecraft:light_gray_stained_glass":1,"minecraft:birch_log":55,"minecraft:tnt":1,"minecraft:smooth_stone_slab":4,"minecraft:grass":13,"minecraft:oak_log":228,"minecraft:dirt":82,"luminousworld:grassvariant_3":3,"minecraft:piston":1,"minecraft:oak_leaves":1096,"minecraft:deepslate":8,"ecologics:coconut_planks":5,"minecraft:mossy_cobblestone":2,"luminousworld:grassvariant_4":2,"luminousworld:mossbuds_1":1,"minecraft:spruce_fence":2,"minecraft:weeping_vines":1,"luminousworld:grassvariant_2":2,"ecologics:coconut_log":36,"minecraft:spruce_leaves":19,"minecraft:hay_block":60,"minecraft:black_stained_glass_pane":2,"minecraft:furnace":5,"luminousworld:yellow_grassflowers":1,"minecraft:andesite":28,"minecraft:stripped_spruce_log":14,"minecraft:bookshelf":49,"minecraft:deepslate_iron_ore":20,"minecraft:vine":1,"luminousworld:snowgrass":1,"minecraft:lantern":1,"iceandfire:frost_lily":1,"minecraft:stone":308,"minecraft:white_wool":30,"luminousworld:soft_birch_log":14,"luminousworld:blueberrybush":1,"minecraft:oak_fence":1,"minecraft:crafting_table":6,"ecologics:walnut_leaves":61,"minecraft:tall_grass":13,"minecraft:copper_ore":17,"minecraft:lapis_ore":2,"minecraft:deepslate_gold_ore":7,"minecraft:diorite":3,"luminousworld:whiteoaklog":13,"minecraft:beehive":2,"minecraft:spruce_log":46,"minecraft:birch_leaves":175,"minecraft:coal_ore":83,"minecraft:gravel":110,"minecraft:cobweb":38,"minecraft:stone_bricks":2,"minecraft:mossy_stone_bricks":1,"luminousworld:white_petunias":1},"minecraft:broken":{"minecraft:iron_leggings":1,"minecraft:stone_pickaxe":2,"minecraft:stone_axe":1,"minecraft:iron_sword":1,"ecologics:crab_claw":1,"minecraft:wooden_pickaxe":1,"minecraft:iron_axe":1,"minecraft:iron_pickaxe":1,"minecraft:iron_helmet":1},"minecraft:picked_up":{"minecraft:iron_chestplate":1,"luminousworld:blackberry":2,"minecraft:anvil":1,"aether:iron_gloves":1,"minecraft:string":49,"minecraft:raw_copper":74,"minecraft:smooth_stone_slab":2,"minecraft:iron_leggings":1,"minecraft:cobbled_deepslate":21,"iceandfire:frost_lily":1,"minecraft:spruce_planks":5,"minecraft:iron_pickaxe":2,"minecraft:coal_block":28,"minecraft:furnace":5,"ecologics:crab_claw":1,"minecraft:tipped_arrow":3,"minecraft:beehive":2,"minecraft:stick":40,"born_in_chaos_v1:shattered_skull":1,"minecraft:oak_fence":1,"minecraft:torch":7,"ecologics:coconut_seedling":1,"minecraft:porkchop":11,"tombstone:grave_dust":13,"minecraft:diorite":3,"minecraft:light_gray_bed":5,"minecraft:rotten_flesh":30,"luminousworld:yellow_grassflowers":1,"luminousworld:soft_birch_log":14,"ecologics:coconut_log":36,"iceandfire:fire_dragon_heart":1,"minecraft:iron_block":3,"minecraft:obsidian":15,"alexsmobs:lobster_tail":1,"minecraft:cobblestone":311,"minecraft:birch_log":50,"born_in_chaos_v1:staffof_magic_arrows":1,"ecologics:walnut":8,"minecraft:feather":1,"minecraft:cooked_beef":1,"minecraft:andesite":28,"ecologics:coconut_planks":5,"minecraft:brown_wool":1,"minecraft:flint":10,"minecraft:lapis_lazuli":17,"minecraft:dirt":107,"minecraft:lantern":8,"born_in_chaos_v1:monster_skin":1,"minecraft:bone":31,"minecraft:wheat_seeds":1,"minecraft:raw_gold":7,"minecraft:mossy_stone_bricks":1,"minecraft:bamboo":4,"minecraft:oak_planks":55,"minecraft:honeycomb":3,"friendsandfoes:totem_of_freezing":1,"minecraft:cooked_porkchop":2,"iceandfire:dragon_skull_fire":1,"minecraft:mossy_cobblestone":2,"minecraft:bundle":2,"minecraft:light_gray_concrete":1,"luminousworld:blueberry":9,"minecraft:granite":61,"iceandfire:gorgon_head":1,"minecraft:oak_sapling":60,"minecraft:bricks":2,"minecraft:oak_leaves":17,"luminousworld:groundpebbles_1":1,"minecraft:crafting_table":6,"minecraft:chicken":4,"born_in_chaos_v1:seedof_chaos":3,"minecraft:brown_mushroom":11,"ecologics:seashell":1,"minecraft:shield":1,"minecraft:iron_axe":3,"born_in_chaos_v1:intoxicating_decoction":1,"minecraft:item_frame":4,"minecraft:iron_shovel":1,"minecraft:cyan_carpet":2,"ecologics:walnut_sapling":1,"minecraft:beef":34,"minecraft:oak_boat":1,"minecraft:poppy":3,"minecraft:sugar_cane":27,"minecraft:birch_sapling":9,"minecraft:piston":1,"minecraft:egg":2,"unusualprehistory:tar_fossil_item":8,"minecraft:raw_iron":29,"iceandfire:dragonbone":36,"iceandfire:dragonscales_green":27,"ecologics:coconut_slice":6,"minecraft:copper_ingot":6,"minecraft:spruce_fence":2,"minecraft:cookie":5,"born_in_chaos_v1:pieceofdarkmetal":4,"minecraft:redstone":36,"minecraft:stone_pressure_plate":20,"minecraft:dark_oak_planks":2,"minecraft:tnt":1,"luminousworld:white_oak_sapling":1,"minecraft:weeping_vines":1,"minecraft:arrow":11,"iceandfire:cyclops_eye":1,"minecraft:hay_block":64,"minecraft:gold_ingot":2,"minecraft:mutton":9,"minecraft:white_wool":32,"born_in_chaos_v1:corpse_maggot":6,"minecraft:birch_leaves":8,"born_in_chaos_v1:monster_flesh":1,"minecraft:leather":26,"minecraft:oak_log":226,"minecraft:jungle_button":2,"minecraft:gunpowder":1,"naturalist:bass":5,"minecraft:apple":3,"minecraft:stone_bricks":2,"minecraft:iron_ingot":13,"minecraft:stone_pickaxe":1,"minecraft:iron_sword":2,"iceandfire:fire_dragon_flesh":3,"minecraft:dark_oak_stairs":2,"minecraft:book":147,"born_in_chaos_v1:orbofthe_summoner":1,"born_in_chaos_v1:ethereal_spirit":1,"minecraft:gravel":100,"minecraft:spruce_sapling":2,"minecraft:blast_furnace":2,"minecraft:white_bed":10,"minecraft:spruce_log":34,"naturalist:cooked_bass":4,"minecraft:spider_eye":3,"luminousworld:whiteoaklog":24,"minecraft:chainmail_leggings":2,"tombstone:magic_scroll":1,"minecraft:coal":225},"minecraft:dropped":{"minecraft:iron_sword":2,"minecraft:porkchop":1,"minecraft:dark_oak_stairs":2,"minecraft:diamond":24,"minecraft:cooked_porkchop":20,"minecraft:lantern":1,"minecraft:leather":16,"luminousworld:blueberry":9,"minecraft:item_frame":4,"minecraft:dirt":5,"iceandfire:armor_copper_metal_boots":1,"minecraft:gold_nugget":1,"minecraft:iron_pickaxe":1,"minecraft:dark_oak_planks":2,"quark:oak_chest":3,"minecraft:bone":5,"minecraft:gravel":36,"minecraft:sugar_cane":3,"minecraft:wheat":2,"minecraft:birch_sapling":5,"tombstone:gift":3,"minecraft:rotten_flesh":17,"minecraft:beehive":2,"minecraft:poppy":2,"minecraft:tipped_arrow":3,"iceandfire:frost_lily":1,"minecraft:beef":9,"minecraft:oak_leaves":17,"minecraft:birch_leaves":8,"minecraft:wheat_seeds":1,"luminousworld:blackberry":2,"luminousworld:white_oak_sapling":1,"minecraft:mossy_cobblestone":1,"iceandfire:armor_copper_metal_chestplate":1,"minecraft:cobblestone":1,"minecraft:diorite":3,"minecraft:torch":1,"minecraft:brown_wool":1,"tombstone:grave_dust":12,"minecraft:iron_axe":1,"minecraft:smooth_stone":1,"sophisticatedbackpacks:crafting_upgrade":1,"minecraft:chainmail_leggings":2,"iceandfire:dragonbone":6,"minecraft:bricks":2,"sophisticatedbackpacks:feeding_upgrade":1,"minecraft:stone_sword":1,"iceandfire:armor_green_helmet":1,"minecraft:chicken":1,"iceandfire:armor_copper_metal_helmet":1,"minecraft:light_gray_concrete":1,"luminousworld:yellow_grassflowers":1,"minecraft:potato":1,"minecraft:stone":4,"ecologics:walnut":1,"aether:iron_gloves":2,"minecraft:spruce_planks":5,"minecraft:bundle":2,"minecraft:stone_pressure_plate":20,"minecraft:stone_bricks":1,"minecraft:stone_pickaxe":4,"ecologics:seashell":1},"minecraft:custom":{"minecraft:interact_with_crafting_table":37,"minecraft:open_barrel":16,"minecraft:leave_game":9,"minecraft:time_since_death":84246,"minecraft:sprint_one_cm":911684,"minecraft:damage_blocked_by_shield":2375,"minecraft:drop":83,"minecraft:talked_to_villager":5,"minecraft:play_time":523243,"minecraft:deaths":21,"minecraft:jump":5685,"minecraft:walk_on_water_one_cm":62887,"minecraft:interact_with_furnace":56,"minecraft:sleep_in_bed":16,"minecraft:damage_dealt":34138,"minecraft:crouch_one_cm":6933,"tombstone:undead_killed":86,"minecraft:interact_with_smoker":5,"minecraft:inspect_dispenser":2,"minecraft:inspect_dropper":2,"minecraft:mob_kills":187,"minecraft:damage_dealt_resisted":3856,"minecraft:climb_one_cm":33434,"minecraft:walk_one_cm":882825,"minecraft:damage_dealt_absorbed":79,"minecraft:sneak_time":4787,"minecraft:walk_under_water_one_cm":41661,"minecraft:boat_one_cm":42912,"minecraft:interact_with_blast_furnace":9,"minecraft:total_world_time":523243,"tombstone:raider_killed":3,"minecraft:time_since_rest":9163,"minecraft:damage_taken":12672,"minecraft:trigger_trapped_chest":2,"tombstone:cast_on_ally":1,"minecraft:swim_one_cm":56833,"minecraft:fly_one_cm":1053861,"minecraft:open_chest":112,"minecraft:fall_one_cm":108963},"minecraft:killed":{"alexsmobs:lobster":1,"born_in_chaos_v1:restless_spirit":1,"born_in_chaos_v1:door_knight_not_despawn":1,"iceandfire:gorgon":1,"minecraft:spider":11,"alexsmobs:snow_leopard":1,"luminousworld:frost_bitten_skeleton":1,"minecraft:zombie_horse":2,"born_in_chaos_v1:baby_skeleton_minion":2,"minecraft:skeleton":10,"minecraft:chicken":4,"ecologics:coconut_crab":2,"minecraft:silverfish":5,"born_in_chaos_v1:supreme_bonescaller_stage_2":1,"minecraft:pig":4,"minecraft:iron_golem":1,"minecraft:sheep":4,"minecraft:pillager":3,"minecraft:zombie":28,"born_in_chaos_v1:dread_hound":2,"born_in_chaos_v1:corpse_fly":1,"enemyexpansion:botfly":11,"minecraft:stray":4,"minecraft:cow":16,"luminousworld:deer":1,"luminousworld:frostbitten_zombie":2,"born_in_chaos_v1:zombie_clown_not_despawn":2,"luminousworld:swallowtail":1,"born_in_chaos_v1:skeleton_thrasher_not_despawn":1,"enemyexpansion:direwolf":1,"born_in_chaos_v1:maggot":9,"minecraft:horse":3,"alexsmobs:blue_jay":1,"iceandfire:fire_dragon":1,"naturalist:bass":5,"undead_revamp2:sucker":1,"enemyexpansion:goblin":2,"friendsandfoes:copper_golem":1,"born_in_chaos_v1:bone_imp_minion":23,"undead_revamp2:the_moonflower":2,"enemyexpansion:sprinter":2,"naturalist:finch":1,"born_in_chaos_v1:bloody_gadfly":1,"undead_revamp2:thesomnolence":1,"iceandfire:ghost":1,"born_in_chaos_v1:bonescaller_not_despawn":2,"unusualprehistory:sludge":2}},"DataVersion":3465}