{"stats":{"minecraft:killed":{"earthmobsmod:duck":2,"undead_revamp2:thehunter":1,"born_in_chaos_v1:thornshell_crab":1,"minecraft:skeleton":15,"minecraft:horse":6,"minecraft:drowned":2,"undead_revamp2:thepregnant":1,"earthmobsmod:albino_cow":3,"minecraft:sheep":1,"minecraft:zombie":33,"ecologics:squirrel":1,"born_in_chaos_v1:corpse_fly":1,"enemyexpansion:botfly":5,"iceandfire:sea_serpent":1,"minecraft:cow":6},"minecraft:dropped":{"minecraft:oak_fence":2,"minecraft:iron_helmet":2,"luminousworld:blueberry":2,"minecraft:spruce_stairs":6,"friendsandfoes:totem_of_illusion":1,"minecraft:item_frame":4,"minecraft:dirt":4,"iceandfire:sea_serpent_scales_red":3,"tombstone:grave_dust":10,"minecraft:dead_bush":1,"minecraft:mossy_cobblestone_stairs":1,"minecraft:stone_sword":2,"tombstone:gift":2,"minecraft:white_bed":1,"minecraft:spruce_fence":1,"supplementaries:ash":1,"luminousworld:grassflowers":1,"minecraft:flower_pot":1,"minecraft:peony":3,"minecraft:stone_pressure_plate":1,"minecraft:brown_carpet":2,"minecraft:wooden_pickaxe":1,"iceandfire:sea_serpent_fang":1},"minecraft:custom":{"minecraft:mob_kills":80,"minecraft:interact_with_crafting_table":22,"minecraft:open_barrel":1,"minecraft:leave_game":5,"minecraft:time_since_death":7231,"minecraft:climb_one_cm":3316,"minecraft:sprint_one_cm":275288,"minecraft:walk_one_cm":316882,"minecraft:damage_blocked_by_shield":100,"minecraft:drop":32,"minecraft:play_time":136334,"minecraft:deaths":8,"minecraft:sneak_time":5770,"minecraft:walk_under_water_one_cm":17295,"minecraft:boat_one_cm":30109,"minecraft:jump":1862,"minecraft:walk_on_water_one_cm":39125,"minecraft:total_world_time":136334,"minecraft:interact_with_furnace":17,"minecraft:sleep_in_bed":7,"minecraft:time_since_rest":6238,"minecraft:damage_taken":3959,"minecraft:damage_dealt":13491,"minecraft:swim_one_cm":54400,"minecraft:fly_one_cm":243788,"minecraft:player_kills":1,"minecraft:open_chest":6,"minecraft:crouch_one_cm":8037,"tombstone:undead_killed":52,"minecraft:fall_one_cm":43884},"minecraft:used":{"minecraft:stone_sword":130,"minecraft:spruce_slab":5,"minecraft:spruce_planks":2,"minecraft:shield":5,"minecraft:iron_sword":165,"minecraft:cooked_chicken":3,"minecraft:rotten_flesh":1,"minecraft:oak_door":1,"minecraft:torch":71,"minecraft:dirt":17,"minecraft:lantern":6,"furnitura:oak_chair":2,"minecraft:furnace":1,"tombstone:gift":1,"minecraft:cooked_beef":11,"minecraft:cooked_mutton":2,"furnitura:small_table_oak":1,"minecraft:stone_pickaxe":108,"minecraft:oak_planks":109,"minecraft:wooden_pickaxe":22,"minecraft:crafting_table":10,"minecraft:white_bed":1,"minecraft:oak_log":1,"minecraft:bread":15,"minecraft:stone_axe":161,"minecraft:cobblestone":20,"minecraft:purple_bed":1,"minecraft:white_banner":2,"supplementaries:timber_cross_brace":2,"minecraft:pumpkin_pie":1,"minecraft:yellow_bed":7,"minecraft:oak_boat":1,"alexsmobs:animal_dictionary":2,"minecraft:coarse_dirt":3},"minecraft:killed_by":{"minecraft:player":1,"iceandfire:sea_serpent":1,"undead_revamp2:thespitter":1,"minecraft:zombie":4},"minecraft:picked_up":{"minecraft:crafting_table":4,"minecraft:coarse_dirt":14,"minecraft:wheat":10,"minecraft:flower_pot":1,"minecraft:chicken":2,"minecraft:brown_mushroom":4,"minecraft:wooden_pickaxe":1,"friendsandfoes:totem_of_illusion":1,"minecraft:string":1,"minecraft:iron_leggings":1,"minecraft:smooth_stone_slab":2,"supplementaries:timber_cross_brace":2,"minecraft:item_frame":4,"minecraft:spruce_planks":2,"minecraft:beef":17,"minecraft:spruce_slab":1,"minecraft:sugar_cane":14,"minecraft:coal_block":8,"minecraft:furnace":2,"minecraft:raw_iron":3,"minecraft:oak_fence":2,"minecraft:torch":8,"minecraft:spruce_stairs":6,"minecraft:spruce_fence":1,"tombstone:grave_dust":9,"minecraft:diorite":3,"minecraft:stone_pressure_plate":1,"minecraft:brown_carpet":2,"minecraft:arrow":10,"luminousworld:grassflowers":1,"minecraft:stone_sword":2,"minecraft:rotten_flesh":34,"furnitura:small_table_oak":1,"minecraft:pumpkin_pie":1,"minecraft:peony":3,"minecraft:hay_block":19,"ecologics:coconut_log":7,"minecraft:cyan_terracotta":1,"born_in_chaos_v1:spiny_shell":4,"supplementaries:ash":1,"minecraft:mutton":2,"minecraft:white_wool":24,"minecraft:cobblestone":50,"born_in_chaos_v1:corpse_maggot":1,"iceandfire:sea_serpent_fang":1,"minecraft:leather":17,"minecraft:oak_log":40,"furnitura:oak_chair":2,"minecraft:yellow_bed":7,"minecraft:dirt":22,"minecraft:lantern":6,"minecraft:white_banner":2,"minecraft:bone":13,"minecraft:apple":1,"minecraft:wheat_seeds":52,"minecraft:stone_pickaxe":1,"minecraft:cooked_chicken":3,"minecraft:stripped_oak_wood":9,"minecraft:iron_sword":1,"minecraft:oak_planks":17,"minecraft:book":30,"minecraft:dandelion":1,"minecraft:dead_bush":1,"minecraft:white_bed":2,"minecraft:spruce_log":8,"minecraft:mossy_cobblestone":3,"minecraft:purple_bed":1,"minecraft:slime_ball":5,"minecraft:stone_axe":1,"minecraft:iron_helmet":2,"luminousworld:blueberry":3,"iceandfire:sea_serpent_scales_red":3,"minecraft:mossy_cobblestone_stairs":3,"tombstone:magic_scroll":2,"born_in_chaos_v1:rotten_fish":2,"minecraft:black_wool":1,"minecraft:coal":54,"iceandfire:raw_silver":1,"minecraft:ender_pearl":1},"minecraft:mined":{"minecraft:spruce_planks":2,"minecraft:white_bed":1,"iceandfire:silver_ore":1,"luminousworld:yellowpetunias":1,"minecraft:mossy_cobblestone":3,"luminousworld:grassvariant_4":1,"luminousworld:blueberry_stage_1":1,"minecraft:cobblestone_stairs":1,"minecraft:grass_block":7,"minecraft:spruce_fence":1,"luminousworld:grassvariant_2":7,"minecraft:coal_block":8,"ecologics:coconut_log":8,"minecraft:spawner":5,"minecraft:large_fern":4,"minecraft:hay_block":19,"furnitura:oak_chair":2,"minecraft:furnace":2,"minecraft:mossy_cobblestone_stairs":3,"minecraft:iron_ore":3,"furnitura:small_table_oak":1,"minecraft:bookshelf":9,"minecraft:lantern":3,"minecraft:white_banner":1,"minecraft:stone":41,"minecraft:white_wool":24,"minecraft:spruce_slab":1,"minecraft:cyan_terracotta":1,"luminousworld:blueberrybush":1,"minecraft:brown_carpet":1,"minecraft:dandelion":1,"supplementaries:timber_cross_brace":1,"minecraft:oak_fence":2,"minecraft:crafting_table":4,"minecraft:torch":4,"minecraft:tall_grass":44,"minecraft:cobblestone":13,"minecraft:sugar_cane":6,"minecraft:oak_planks":19,"minecraft:diorite":3,"minecraft:wall_torch":3,"minecraft:spruce_stairs":3,"minecraft:seagrass":1,"minecraft:purple_bed":1,"minecraft:coarse_dirt":10,"minecraft:wheat":6,"minecraft:spruce_log":8,"minecraft:stripped_oak_wood":10,"minecraft:yellow_bed":7,"minecraft:smooth_stone_slab":2,"minecraft:grass":54,"minecraft:oak_log":40,"minecraft:coal_ore":30,"minecraft:dirt":15,"luminousworld:grassvariant_3":8,"minecraft:cobweb":1,"minecraft:oak_leaves":4},"minecraft:broken":{"minecraft:leather_leggings":1,"minecraft:leather_chestplate":1,"minecraft:stone_axe":1},"minecraft:crafted":{"minecraft:oak_door":3,"minecraft:oak_planks":156,"minecraft:coal":72,"minecraft:cooked_mutton":2,"minecraft:spruce_slab":6,"minecraft:stone_pickaxe":2,"furnitura:small_table_oak":1,"minecraft:wheat":72,"minecraft:cooked_beef":11,"minecraft:oak_slab":6,"sophisticatedbackpacks:backpack":1,"minecraft:crafting_table":6,"minecraft:spruce_planks":32,"minecraft:wooden_pickaxe":1,"minecraft:iron_sword":2,"supplementaries:timber_cross_brace":1,"minecraft:stone_axe":2,"minecraft:bread":27,"minecraft:air":0,"minecraft:oak_boat":1,"minecraft:string":4,"minecraft:shield":1,"minecraft:stick":56,"furnitura:oak_chair":1,"quark:oak_chest":1,"minecraft:iron_ingot":3,"minecraft:torch":128}},"DataVersion":3465}