{"stats":{"minecraft:custom":{"minecraft:interact_with_crafting_table":36,"minecraft:open_barrel":16,"minecraft:leave_game":5,"minecraft:time_since_death":12545,"minecraft:sprint_one_cm":476075,"minecraft:damage_blocked_by_shield":1085,"minecraft:drop":43,"minecraft:talked_to_villager":5,"minecraft:play_time":246604,"minecraft:deaths":9,"minecraft:jump":2882,"minecraft:walk_on_water_one_cm":46825,"minecraft:interact_with_furnace":55,"minecraft:sleep_in_bed":9,"minecraft:damage_dealt":18558,"minecraft:crouch_one_cm":6071,"tombstone:undead_killed":33,"minecraft:interact_with_smoker":5,"minecraft:inspect_dispenser":2,"minecraft:inspect_dropper":2,"minecraft:mob_kills":111,"minecraft:damage_dealt_resisted":2046,"minecraft:climb_one_cm":20499,"minecraft:walk_one_cm":520262,"minecraft:sneak_time":3853,"minecraft:walk_under_water_one_cm":29188,"minecraft:boat_one_cm":22128,"minecraft:interact_with_blast_furnace":9,"minecraft:total_world_time":246604,"minecraft:time_since_rest":12362,"minecraft:damage_taken":6012,"minecraft:trigger_trapped_chest":1,"minecraft:swim_one_cm":41758,"minecraft:fly_one_cm":425707,"minecraft:open_chest":38,"minecraft:fall_one_cm":51307},"minecraft:dropped":{"minecraft:iron_sword":1,"minecraft:porkchop":1,"luminousworld:blueberry":9,"minecraft:dirt":5,"iceandfire:armor_copper_metal_boots":1,"minecraft:gold_nugget":1,"minecraft:bone":5,"minecraft:sugar_cane":3,"minecraft:birch_sapling":5,"tombstone:gift":1,"minecraft:rotten_flesh":16,"minecraft:poppy":2,"minecraft:beef":9,"luminousworld:blackberry":2,"minecraft:mossy_cobblestone":1,"luminousworld:white_oak_sapling":1,"iceandfire:armor_copper_metal_chestplate":1,"minecraft:cobblestone":1,"minecraft:diorite":3,"minecraft:brown_wool":1,"tombstone:grave_dust":2,"minecraft:smooth_stone":1,"minecraft:chainmail_leggings":1,"minecraft:stone_sword":1,"iceandfire:armor_copper_metal_helmet":1,"minecraft:light_gray_concrete":1,"luminousworld:yellow_grassflowers":1,"minecraft:stone":4,"ecologics:walnut":1,"minecraft:spruce_planks":5,"minecraft:stone_pressure_plate":20,"minecraft:stone_bricks":1,"minecraft:stone_pickaxe":3,"ecologics:seashell":1},"minecraft:used":{"minecraft:shield":28,"minecraft:stone":10,"minecraft:iron_sword":399,"minecraft:carrot":1,"naturalist:cooked_bass":5,"minecraft:lava_bucket":6,"minecraft:furnace":7,"minecraft:stone_pickaxe":280,"minecraft:oak_planks":11,"minecraft:wooden_pickaxe":59,"luminousworld:groundpebbles_1":1,"minecraft:blast_furnace":2,"born_in_chaos_v1:monster_flesh":1,"minecraft:bread":46,"tombstone:grave_key":3,"born_in_chaos_v1:smoked_monster_flesh":1,"minecraft:andesite":1,"minecraft:oak_boat":1,"minecraft:stone_sword":70,"luminousworld:whiteoaklog":2,"minecraft:cooked_chicken":3,"minecraft:torch":96,"iceandfire:armor_copper_metal_boots":1,"minecraft:dirt":27,"minecraft:granite":14,"minecraft:iron_axe":344,"tombstone:gift":1,"minecraft:cooked_beef":4,"minecraft:light_gray_bed":5,"minecraft:cooked_mutton":2,"endermanoverhaul:crimson_pearl":1,"minecraft:crafting_table":12,"minecraft:white_bed":2,"minecraft:smoker":1,"minecraft:apple":2,"minecraft:iron_pickaxe":312,"minecraft:stone_axe":112,"minecraft:cobblestone":124,"minecraft:cooked_porkchop":13,"minecraft:bucket":7,"alexsmobs:animal_dictionary":1},"minecraft:mined":{"luminousworld:white_petunias":1,"minecraft:stone_pressure_plate":22,"minecraft:spruce_planks":5,"minecraft:white_bed":4,"minecraft:granite":61,"minecraft:grass_block":9,"minecraft:infested_cobblestone":3,"ecologics:coconut_leaves":2,"minecraft:light_gray_bed":5,"minecraft:coal_block":28,"minecraft:chiseled_stone_bricks":1,"minecraft:spawner":15,"minecraft:tall_seagrass":2,"minecraft:weeping_vines_plant":2,"minecraft:iron_ore":9,"minecraft:fire":1,"minecraft:anvil":1,"minecraft:light_gray_concrete":1,"minecraft:iron_block":3,"minecraft:tripwire":3,"minecraft:deepslate_redstone_ore":8,"minecraft:brown_mushroom":2,"minecraft:torch":1,"minecraft:blast_furnace":2,"minecraft:cobblestone":7,"minecraft:sugar_cane":13,"minecraft:oak_planks":2,"minecraft:wall_torch":2,"ecologics:seashell":1,"minecraft:birch_log":55,"minecraft:light_gray_stained_glass":1,"minecraft:tnt":1,"minecraft:grass":11,"minecraft:oak_log":226,"minecraft:dirt":75,"luminousworld:grassvariant_3":3,"minecraft:piston":1,"minecraft:oak_leaves":1058,"minecraft:deepslate":8,"minecraft:mossy_cobblestone":2,"luminousworld:grassvariant_4":2,"luminousworld:mossbuds_1":1,"minecraft:spruce_fence":2,"minecraft:weeping_vines":1,"luminousworld:grassvariant_2":1,"ecologics:coconut_log":12,"minecraft:spruce_leaves":12,"minecraft:hay_block":44,"minecraft:black_stained_glass_pane":2,"minecraft:furnace":5,"luminousworld:yellow_grassflowers":1,"minecraft:andesite":28,"minecraft:bookshelf":38,"minecraft:deepslate_iron_ore":20,"minecraft:lantern":1,"minecraft:stone":307,"luminousworld:soft_birch_log":14,"luminousworld:blueberrybush":1,"minecraft:oak_fence":1,"minecraft:crafting_table":6,"minecraft:tall_grass":10,"minecraft:copper_ore":17,"minecraft:lapis_ore":2,"minecraft:deepslate_gold_ore":7,"minecraft:diorite":3,"luminousworld:whiteoaklog":11,"minecraft:spruce_log":32,"minecraft:birch_leaves":155,"minecraft:coal_ore":83,"minecraft:gravel":110,"minecraft:cobweb":38,"minecraft:stone_bricks":2,"minecraft:mossy_stone_bricks":1},"minecraft:killed_by":{"born_in_chaos_v1:zombie_clown_not_despawn":1,"born_in_chaos_v1:bone_imp_minion":1,"born_in_chaos_v1:corpse_fly":1,"alexsmobs:crocodile":2,"minecraft:player":1,"minecraft:skeleton":1},"minecraft:picked_up":{"luminousworld:blackberry":2,"minecraft:anvil":1,"minecraft:string":49,"minecraft:raw_copper":74,"minecraft:iron_leggings":1,"minecraft:cobbled_deepslate":21,"minecraft:spruce_planks":5,"minecraft:iron_pickaxe":1,"minecraft:coal_block":28,"minecraft:furnace":5,"minecraft:tipped_arrow":3,"minecraft:stick":38,"born_in_chaos_v1:shattered_skull":1,"minecraft:oak_fence":1,"minecraft:torch":4,"ecologics:coconut_seedling":1,"minecraft:porkchop":11,"tombstone:grave_dust":7,"minecraft:diorite":3,"minecraft:light_gray_bed":5,"minecraft:rotten_flesh":16,"luminousworld:soft_birch_log":14,"luminousworld:yellow_grassflowers":1,"ecologics:coconut_log":12,"iceandfire:fire_dragon_heart":1,"minecraft:iron_block":3,"minecraft:cobblestone":311,"minecraft:birch_log":50,"ecologics:walnut":1,"minecraft:cooked_beef":1,"minecraft:andesite":28,"minecraft:brown_wool":1,"minecraft:flint":10,"minecraft:lapis_lazuli":17,"minecraft:dirt":96,"minecraft:lantern":7,"born_in_chaos_v1:monster_skin":1,"minecraft:bone":20,"minecraft:wheat_seeds":1,"minecraft:raw_gold":7,"minecraft:mossy_stone_bricks":1,"minecraft:bamboo":4,"minecraft:honeycomb":3,"minecraft:oak_planks":55,"minecraft:cooked_porkchop":2,"iceandfire:dragon_skull_fire":1,"minecraft:mossy_cobblestone":2,"minecraft:bundle":1,"minecraft:light_gray_concrete":1,"luminousworld:blueberry":9,"minecraft:granite":61,"minecraft:oak_sapling":60,"luminousworld:groundpebbles_1":1,"minecraft:crafting_table":6,"minecraft:chicken":3,"born_in_chaos_v1:seedof_chaos":3,"minecraft:brown_mushroom":11,"ecologics:seashell":1,"minecraft:shield":1,"minecraft:iron_shovel":1,"minecraft:beef":34,"minecraft:oak_boat":1,"minecraft:poppy":2,"minecraft:sugar_cane":27,"minecraft:birch_sapling":8,"minecraft:piston":1,"minecraft:egg":2,"minecraft:raw_iron":29,"iceandfire:dragonbone":10,"iceandfire:dragonscales_green":27,"ecologics:coconut_slice":4,"minecraft:copper_ingot":6,"minecraft:spruce_fence":2,"minecraft:cookie":5,"born_in_chaos_v1:pieceofdarkmetal":4,"minecraft:redstone":35,"minecraft:stone_pressure_plate":20,"minecraft:tnt":1,"luminousworld:white_oak_sapling":1,"minecraft:arrow":8,"minecraft:weeping_vines":1,"iceandfire:cyclops_eye":1,"minecraft:hay_block":48,"minecraft:gold_ingot":2,"minecraft:mutton":9,"minecraft:white_wool":4,"born_in_chaos_v1:monster_flesh":1,"minecraft:leather":26,"minecraft:oak_log":224,"minecraft:gunpowder":1,"naturalist:bass":5,"minecraft:apple":3,"minecraft:stone_bricks":2,"minecraft:iron_ingot":13,"minecraft:iron_sword":1,"iceandfire:fire_dragon_flesh":3,"minecraft:book":114,"born_in_chaos_v1:ethereal_spirit":1,"minecraft:gravel":100,"minecraft:spruce_sapling":2,"minecraft:blast_furnace":2,"minecraft:white_bed":4,"minecraft:spruce_log":32,"naturalist:cooked_bass":4,"minecraft:spider_eye":3,"luminousworld:whiteoaklog":22,"minecraft:chainmail_leggings":1,"minecraft:coal":225},"minecraft:broken":{"minecraft:stone_pickaxe":2,"minecraft:stone_axe":1,"minecraft:wooden_pickaxe":1,"minecraft:iron_axe":1,"minecraft:iron_pickaxe":1},"minecraft:killed":{"born_in_chaos_v1:restless_spirit":1,"born_in_chaos_v1:door_knight_not_despawn":1,"minecraft:spider":11,"born_in_chaos_v1:baby_skeleton_minion":2,"minecraft:skeleton":5,"minecraft:chicken":3,"ecologics:coconut_crab":1,"minecraft:silverfish":5,"minecraft:pig":4,"minecraft:iron_golem":1,"minecraft:sheep":4,"minecraft:zombie":10,"born_in_chaos_v1:dread_hound":2,"enemyexpansion:botfly":10,"minecraft:stray":4,"minecraft:cow":16,"born_in_chaos_v1:zombie_clown_not_despawn":1,"luminousworld:swallowtail":1,"born_in_chaos_v1:skeleton_thrasher_not_despawn":1,"enemyexpansion:direwolf":1,"born_in_chaos_v1:maggot":1,"minecraft:horse":3,"iceandfire:fire_dragon":1,"naturalist:bass":5,"enemyexpansion:goblin":2,"friendsandfoes:copper_golem":1,"born_in_chaos_v1:bone_imp_minion":3,"undead_revamp2:the_moonflower":2,"enemyexpansion:sprinter":2,"undead_revamp2:thesomnolence":1,"born_in_chaos_v1:bonescaller_not_despawn":2},"minecraft:crafted":{"minecraft:oak_planks":108,"minecraft:smooth_stone":4,"hangglider:hang_glider":1,"minecraft:cooked_chicken":3,"minecraft:stone":4,"sophisticatedbackpacks:crafting_upgrade":1,"naturalist:cooked_bass":1,"minecraft:cooked_mutton":2,"iceandfire:armor_copper_metal_boots":1,"tombstone:grave_key":2,"iceandfire:armor_green_helmet":1,"iceandfire:armor_copper_metal_chestplate":1,"minecraft:smoker":1,"sophisticatedbackpacks:backpack":1,"minecraft:cooked_porkchop":12,"minecraft:crafting_table":8,"minecraft:wooden_pickaxe":1,"minecraft:copper_ingot":31,"sophisticatedbackpacks:feeding_upgrade":1,"minecraft:birch_planks":4,"iceandfire:armor_green_chestplate":1,"sophisticatedbackpacks:upgrade_base":2,"quark:torch_arrow":1,"minecraft:stick":52,"quark:oak_chest":5,"minecraft:iron_ingot":22,"minecraft:iron_pickaxe":2,"minecraft:stone_sword":1,"minecraft:gold_ingot":5,"minecraft:golden_carrot":1,"hangglider:glider_framework":1,"iceandfire:armor_green_leggings":1,"minecraft:furnace":5,"minecraft:blast_furnace":1,"hangglider:glider_wing":2,"born_in_chaos_v1:smoked_monster_flesh":1,"iceandfire:armor_copper_metal_helmet":1,"minecraft:iron_axe":2,"minecraft:stone_pickaxe":5,"sophisticatedbackpacks:iron_backpack":1,"minecraft:cooked_beef":3,"minecraft:iron_sword":1,"sophisticatedbackpacks:gold_backpack":1,"minecraft:bucket":1,"minecraft:stone_axe":1,"minecraft:bread":1,"minecraft:air":0,"minecraft:oak_boat":1,"minecraft:golden_apple":1,"minecraft:gold_nugget":9,"minecraft:torch":164,"iceandfire:armor_green_boots":1}},"DataVersion":3465}