{"stats":{"minecraft:custom":{"minecraft:inspect_dropper":2,"minecraft:mob_kills":72,"minecraft:interact_with_crafting_table":36,"minecraft:open_barrel":11,"minecraft:damage_dealt_resisted":355,"minecraft:leave_game":5,"minecraft:time_since_death":100132,"minecraft:climb_one_cm":20499,"minecraft:sprint_one_cm":416983,"minecraft:walk_one_cm":446849,"minecraft:damage_blocked_by_shield":485,"minecraft:drop":26,"minecraft:talked_to_villager":4,"minecraft:play_time":222604,"minecraft:sneak_time":3473,"minecraft:deaths":7,"minecraft:walk_under_water_one_cm":28536,"minecraft:boat_one_cm":22128,"minecraft:jump":2530,"minecraft:interact_with_blast_furnace":9,"minecraft:walk_on_water_one_cm":40809,"minecraft:total_world_time":222604,"minecraft:interact_with_furnace":55,"minecraft:sleep_in_bed":9,"minecraft:time_since_rest":44733,"minecraft:damage_taken":3788,"minecraft:trigger_trapped_chest":1,"minecraft:damage_dealt":11051,"minecraft:swim_one_cm":37665,"minecraft:fly_one_cm":347096,"minecraft:open_chest":31,"minecraft:crouch_one_cm":5282,"tombstone:undead_killed":14,"minecraft:interact_with_smoker":5,"minecraft:fall_one_cm":47995,"minecraft:inspect_dispenser":2},"minecraft:dropped":{"minecraft:iron_sword":1,"minecraft:mossy_cobblestone":1,"minecraft:cobblestone":1,"minecraft:diorite":3,"tombstone:grave_dust":2,"minecraft:chainmail_leggings":1,"minecraft:bone":1,"minecraft:stone_sword":1,"minecraft:birch_sapling":5,"minecraft:rotten_flesh":11,"iceandfire:armor_copper_metal_helmet":1,"minecraft:light_gray_concrete":1,"minecraft:poppy":2,"minecraft:stone":4,"minecraft:stone_pressure_plate":20,"minecraft:stone_bricks":1,"minecraft:stone_pickaxe":3,"minecraft:beef":9,"ecologics:seashell":1},"minecraft:mined":{"minecraft:white_bed":4,"minecraft:spruce_planks":5,"minecraft:stone_pressure_plate":22,"minecraft:mossy_cobblestone":2,"luminousworld:grassvariant_4":2,"minecraft:granite":61,"minecraft:spruce_fence":2,"minecraft:grass_block":9,"minecraft:infested_cobblestone":3,"ecologics:coconut_leaves":2,"minecraft:light_gray_bed":5,"luminousworld:grassvariant_2":1,"minecraft:coal_block":28,"ecologics:coconut_log":12,"minecraft:chiseled_stone_bricks":1,"minecraft:spawner":7,"minecraft:hay_block":44,"minecraft:black_stained_glass_pane":2,"minecraft:tall_seagrass":1,"minecraft:furnace":5,"minecraft:iron_ore":9,"minecraft:andesite":28,"minecraft:anvil":1,"minecraft:bookshelf":38,"minecraft:deepslate_iron_ore":20,"minecraft:lantern":1,"minecraft:light_gray_concrete":1,"minecraft:stone":298,"minecraft:iron_block":3,"minecraft:tripwire":3,"luminousworld:soft_birch_log":14,"minecraft:deepslate_redstone_ore":8,"minecraft:brown_mushroom":2,"minecraft:oak_fence":1,"minecraft:crafting_table":6,"minecraft:blast_furnace":2,"minecraft:copper_ore":17,"minecraft:tall_grass":8,"minecraft:cobblestone":7,"minecraft:deepslate_gold_ore":7,"minecraft:lapis_ore":2,"minecraft:oak_planks":2,"minecraft:sugar_cane":11,"minecraft:wall_torch":2,"minecraft:diorite":3,"luminousworld:whiteoaklog":11,"ecologics:seashell":1,"minecraft:light_gray_stained_glass":1,"minecraft:birch_log":55,"minecraft:spruce_log":32,"minecraft:birch_leaves":155,"minecraft:tnt":1,"minecraft:grass":9,"minecraft:coal_ore":83,"minecraft:oak_log":226,"minecraft:gravel":110,"minecraft:dirt":75,"luminousworld:grassvariant_3":1,"minecraft:cobweb":37,"minecraft:stone_bricks":2,"minecraft:mossy_stone_bricks":1,"minecraft:piston":1,"minecraft:oak_leaves":1057,"minecraft:deepslate":8},"minecraft:used":{"minecraft:stone_sword":70,"minecraft:shield":15,"minecraft:stone":10,"minecraft:iron_sword":218,"minecraft:cooked_chicken":3,"minecraft:torch":86,"iceandfire:armor_copper_metal_boots":1,"minecraft:dirt":21,"minecraft:carrot":1,"naturalist:cooked_bass":5,"minecraft:granite":14,"minecraft:lava_bucket":6,"minecraft:iron_axe":338,"minecraft:furnace":7,"tombstone:gift":1,"minecraft:cooked_beef":4,"minecraft:light_gray_bed":5,"minecraft:cooked_mutton":2,"minecraft:stone_pickaxe":280,"minecraft:oak_planks":11,"minecraft:wooden_pickaxe":59,"luminousworld:groundpebbles_1":1,"endermanoverhaul:crimson_pearl":1,"minecraft:blast_furnace":2,"minecraft:crafting_table":12,"minecraft:white_bed":2,"minecraft:smoker":1,"minecraft:apple":2,"born_in_chaos_v1:monster_flesh":1,"minecraft:bread":9,"minecraft:iron_pickaxe":295,"tombstone:grave_key":2,"born_in_chaos_v1:smoked_monster_flesh":1,"minecraft:stone_axe":112,"minecraft:cobblestone":121,"minecraft:cooked_porkchop":13,"minecraft:andesite":1,"minecraft:bucket":7,"minecraft:oak_boat":1,"alexsmobs:animal_dictionary":1},"minecraft:killed_by":{"minecraft:player":1,"born_in_chaos_v1:bone_imp_minion":1,"born_in_chaos_v1:corpse_fly":1,"minecraft:skeleton":1,"born_in_chaos_v1:zombie_clown_not_despawn":1},"minecraft:picked_up":{"luminousworld:groundpebbles_1":1,"minecraft:crafting_table":6,"minecraft:chicken":3,"minecraft:anvil":1,"minecraft:brown_mushroom":11,"ecologics:seashell":1,"minecraft:shield":1,"minecraft:string":44,"minecraft:raw_copper":74,"minecraft:iron_leggings":1,"minecraft:iron_shovel":1,"minecraft:cobbled_deepslate":21,"minecraft:spruce_planks":5,"minecraft:beef":31,"minecraft:oak_boat":1,"minecraft:poppy":2,"minecraft:iron_pickaxe":1,"minecraft:coal_block":28,"minecraft:sugar_cane":24,"minecraft:birch_sapling":8,"minecraft:piston":1,"minecraft:furnace":5,"minecraft:egg":2,"minecraft:stick":38,"minecraft:raw_iron":29,"ecologics:coconut_slice":2,"minecraft:copper_ingot":6,"minecraft:oak_fence":1,"minecraft:torch":3,"ecologics:coconut_seedling":1,"minecraft:spruce_fence":2,"minecraft:porkchop":11,"tombstone:grave_dust":3,"minecraft:diorite":3,"minecraft:redstone":35,"minecraft:stone_pressure_plate":20,"minecraft:tnt":1,"minecraft:arrow":5,"minecraft:light_gray_bed":5,"minecraft:rotten_flesh":11,"luminousworld:soft_birch_log":14,"minecraft:hay_block":48,"ecologics:coconut_log":12,"minecraft:iron_block":3,"minecraft:gold_ingot":2,"minecraft:mutton":3,"minecraft:white_wool":2,"minecraft:cobblestone":306,"minecraft:birch_log":50,"minecraft:cooked_beef":1,"born_in_chaos_v1:monster_flesh":1,"minecraft:andesite":28,"minecraft:brown_wool":1,"minecraft:leather":18,"minecraft:flint":10,"minecraft:oak_log":224,"minecraft:gunpowder":1,"minecraft:lapis_lazuli":17,"minecraft:dirt":84,"minecraft:lantern":7,"born_in_chaos_v1:monster_skin":1,"naturalist:bass":5,"minecraft:bone":7,"minecraft:apple":3,"minecraft:stone_bricks":2,"minecraft:raw_gold":7,"minecraft:iron_ingot":13,"minecraft:mossy_stone_bricks":1,"minecraft:bamboo":4,"minecraft:iron_sword":1,"minecraft:oak_planks":55,"minecraft:honeycomb":3,"minecraft:book":114,"minecraft:cooked_porkchop":2,"born_in_chaos_v1:ethereal_spirit":1,"minecraft:gravel":100,"minecraft:blast_furnace":2,"minecraft:spruce_log":32,"minecraft:white_bed":4,"naturalist:cooked_bass":4,"minecraft:spider_eye":2,"minecraft:mossy_cobblestone":2,"luminousworld:whiteoaklog":11,"minecraft:light_gray_concrete":1,"minecraft:chainmail_leggings":1,"minecraft:granite":61,"minecraft:oak_sapling":60,"minecraft:coal":225},"minecraft:broken":{"minecraft:wooden_pickaxe":1,"minecraft:stone_pickaxe":2,"minecraft:iron_axe":1,"minecraft:stone_axe":1,"minecraft:iron_pickaxe":1},"minecraft:killed":{"born_in_chaos_v1:restless_spirit":1,"born_in_chaos_v1:door_knight_not_despawn":1,"born_in_chaos_v1:zombie_clown_not_despawn":1,"minecraft:spider":2,"luminousworld:swallowtail":1,"enemyexpansion:direwolf":1,"born_in_chaos_v1:maggot":1,"minecraft:skeleton":5,"minecraft:horse":3,"minecraft:chicken":3,"naturalist:bass":5,"minecraft:silverfish":5,"enemyexpansion:goblin":2,"friendsandfoes:copper_golem":1,"minecraft:pig":4,"born_in_chaos_v1:bone_imp_minion":1,"undead_revamp2:the_moonflower":2,"minecraft:iron_golem":1,"enemyexpansion:sprinter":2,"minecraft:sheep":4,"undead_revamp2:thesomnolence":1,"minecraft:zombie":2,"born_in_chaos_v1:dread_hound":2,"enemyexpansion:botfly":5,"minecraft:cow":14},"minecraft:crafted":{"minecraft:golden_carrot":1,"hangglider:glider_framework":1,"minecraft:smooth_stone":4,"minecraft:oak_planks":108,"hangglider:hang_glider":1,"minecraft:cooked_chicken":3,"minecraft:furnace":5,"minecraft:blast_furnace":1,"minecraft:stone":4,"sophisticatedbackpacks:crafting_upgrade":1,"hangglider:glider_wing":2,"naturalist:cooked_bass":1,"born_in_chaos_v1:smoked_monster_flesh":1,"iceandfire:armor_copper_metal_boots":1,"minecraft:cooked_mutton":2,"iceandfire:armor_copper_metal_helmet":1,"minecraft:iron_axe":2,"tombstone:grave_key":2,"iceandfire:armor_copper_metal_chestplate":1,"minecraft:stone_pickaxe":5,"minecraft:smoker":1,"sophisticatedbackpacks:iron_backpack":1,"minecraft:cooked_beef":3,"sophisticatedbackpacks:backpack":1,"minecraft:cooked_porkchop":12,"minecraft:crafting_table":8,"minecraft:wooden_pickaxe":1,"minecraft:iron_sword":1,"minecraft:copper_ingot":31,"sophisticatedbackpacks:gold_backpack":1,"minecraft:bucket":1,"sophisticatedbackpacks:feeding_upgrade":1,"minecraft:birch_planks":4,"minecraft:stone_axe":1,"sophisticatedbackpacks:upgrade_base":2,"minecraft:bread":1,"minecraft:air":0,"minecraft:oak_boat":1,"minecraft:golden_apple":1,"quark:torch_arrow":1,"minecraft:gold_nugget":9,"minecraft:stick":52,"quark:oak_chest":5,"minecraft:iron_ingot":22,"minecraft:iron_pickaxe":2,"minecraft:stone_sword":1,"minecraft:gold_ingot":5,"minecraft:torch":164}},"DataVersion":3465}