{"stats":{"minecraft:crafted":{"minecraft:cooked_beef":11,"minecraft:oak_planks":76,"minecraft:coal":72,"minecraft:crafting_table":2,"minecraft:wooden_pickaxe":1,"minecraft:stone_axe":1,"minecraft:air":0,"minecraft:stick":8,"minecraft:stone_pickaxe":1,"minecraft:torch":4},"minecraft:killed_by":{"minecraft:player":1},"minecraft:mined":{"minecraft:oak_fence":2,"minecraft:crafting_table":2,"minecraft:torch":1,"minecraft:grass_block":6,"minecraft:spruce_fence":1,"minecraft:coal_block":8,"minecraft:tall_grass":30,"minecraft:oak_planks":1,"minecraft:spruce_stairs":3,"minecraft:hay_block":19,"minecraft:furnace":1,"minecraft:iron_ore":3,"minecraft:wheat":6,"minecraft:yellow_bed":2,"minecraft:grass":30,"minecraft:bookshelf":9,"minecraft:oak_log":29,"minecraft:coal_ore":26,"minecraft:dirt":14,"minecraft:stone":26,"minecraft:white_wool":23,"minecraft:oak_leaves":4},"minecraft:used":{"minecraft:stone_pickaxe":49,"minecraft:oak_planks":20,"minecraft:wooden_pickaxe":19,"minecraft:cooked_chicken":1,"minecraft:rotten_flesh":1,"minecraft:torch":3,"minecraft:dirt":17,"minecraft:crafting_table":3,"minecraft:stone_axe":73,"minecraft:cobblestone":20,"minecraft:yellow_bed":1,"alexsmobs:animal_dictionary":2,"minecraft:cooked_beef":2},"minecraft:picked_up":{"born_in_chaos_v1:corpse_maggot":1,"minecraft:crafting_table":2,"minecraft:wheat":10,"minecraft:leather":9,"minecraft:wooden_pickaxe":1,"minecraft:oak_log":29,"minecraft:yellow_bed":2,"minecraft:dirt":20,"minecraft:lantern":3,"minecraft:white_banner":1,"minecraft:item_frame":3,"minecraft:apple":1,"minecraft:wheat_seeds":45,"minecraft:beef":11,"minecraft:stone_pickaxe":1,"minecraft:cooked_chicken":1,"minecraft:coal_block":8,"minecraft:oak_planks":1,"minecraft:furnace":1,"minecraft:book":27,"minecraft:raw_iron":3,"minecraft:oak_fence":2,"minecraft:torch":2,"minecraft:spruce_stairs":3,"minecraft:spruce_fence":1,"minecraft:stone_pressure_plate":1,"luminousworld:grassflowers":1,"minecraft:rotten_flesh":2,"minecraft:stone_axe":1,"minecraft:pumpkin_pie":1,"minecraft:peony":3,"minecraft:hay_block":19,"supplementaries:ash":1,"minecraft:coal":26,"minecraft:white_wool":22,"minecraft:cobblestone":26,"minecraft:ender_pearl":1},"minecraft:dropped":{"minecraft:spruce_fence":1,"luminousworld:grassflowers":1,"minecraft:peony":3,"minecraft:stone_pressure_plate":1,"minecraft:wooden_pickaxe":1},"minecraft:killed":{"undead_revamp2:thehunter":1,"minecraft:horse":4,"born_in_chaos_v1:corpse_fly":1,"minecraft:cow":6},"minecraft:custom":{"minecraft:interact_with_furnace":10,"minecraft:mob_kills":12,"minecraft:interact_with_crafting_table":3,"minecraft:leave_game":3,"minecraft:time_since_death":20432,"minecraft:sleep_in_bed":1,"minecraft:climb_one_cm":608,"minecraft:time_since_rest":10979,"minecraft:sprint_one_cm":53506,"minecraft:damage_taken":470,"minecraft:walk_one_cm":81467,"minecraft:drop":5,"minecraft:damage_dealt":1622,"minecraft:swim_one_cm":3146,"minecraft:fly_one_cm":52208,"minecraft:crouch_one_cm":3383,"minecraft:play_time":36008,"tombstone:undead_killed":1,"minecraft:deaths":1,"minecraft:sneak_time":1849,"minecraft:walk_under_water_one_cm":606,"minecraft:jump":563,"minecraft:walk_on_water_one_cm":1752,"minecraft:total_world_time":36008,"minecraft:fall_one_cm":12415}},"DataVersion":3465}