{"stats":{"minecraft:killed":{"earthmobsmod:duck":2,"undead_revamp2:thehunter":1,"born_in_chaos_v1:thornshell_crab":1,"minecraft:sheep":1,"minecraft:horse":6,"ecologics:squirrel":1,"born_in_chaos_v1:corpse_fly":1,"undead_revamp2:thepregnant":1,"earthmobsmod:albino_cow":3,"minecraft:cow":6},"minecraft:dropped":{"minecraft:white_bed":1,"minecraft:spruce_stairs":6,"minecraft:spruce_fence":1,"minecraft:item_frame":4,"minecraft:dirt":3,"supplementaries:ash":1,"luminousworld:grassflowers":1,"minecraft:peony":3,"minecraft:stone_pressure_plate":1,"minecraft:wooden_pickaxe":1},"minecraft:custom":{"minecraft:interact_with_furnace":17,"minecraft:mob_kills":23,"minecraft:interact_with_crafting_table":15,"minecraft:leave_game":4,"minecraft:time_since_death":72887,"minecraft:sleep_in_bed":6,"minecraft:climb_one_cm":3316,"minecraft:time_since_rest":9804,"minecraft:damage_taken":886,"minecraft:sprint_one_cm":185612,"minecraft:walk_one_cm":182133,"minecraft:drop":11,"minecraft:damage_dealt":3487,"minecraft:swim_one_cm":20445,"minecraft:fly_one_cm":206503,"minecraft:open_chest":1,"minecraft:play_time":88463,"minecraft:crouch_one_cm":7032,"tombstone:undead_killed":2,"minecraft:deaths":1,"minecraft:sneak_time":3374,"minecraft:walk_under_water_one_cm":3110,"minecraft:jump":1414,"minecraft:walk_on_water_one_cm":5963,"minecraft:total_world_time":88463,"minecraft:fall_one_cm":36614},"minecraft:used":{"minecraft:stone_sword":26,"furnitura:small_table_oak":1,"minecraft:stone_pickaxe":82,"minecraft:oak_planks":75,"minecraft:wooden_pickaxe":22,"minecraft:cooked_chicken":3,"minecraft:rotten_flesh":1,"minecraft:oak_door":1,"minecraft:torch":3,"minecraft:dirt":17,"minecraft:crafting_table":7,"minecraft:oak_log":1,"minecraft:lantern":6,"minecraft:bread":3,"furnitura:oak_chair":1,"minecraft:stone_axe":139,"minecraft:cobblestone":20,"minecraft:furnace":1,"minecraft:white_banner":2,"supplementaries:timber_cross_brace":2,"minecraft:yellow_bed":7,"alexsmobs:animal_dictionary":2,"minecraft:cooked_beef":6,"minecraft:coarse_dirt":3},"minecraft:killed_by":{"minecraft:player":1},"minecraft:picked_up":{"born_in_chaos_v1:corpse_maggot":1,"minecraft:coarse_dirt":13,"minecraft:crafting_table":4,"minecraft:wheat":10,"minecraft:chicken":2,"minecraft:leather":17,"minecraft:wooden_pickaxe":1,"minecraft:oak_log":40,"furnitura:oak_chair":1,"minecraft:yellow_bed":7,"minecraft:dirt":22,"minecraft:lantern":6,"minecraft:white_banner":2,"supplementaries:timber_cross_brace":2,"minecraft:item_frame":4,"minecraft:bone":4,"minecraft:apple":1,"minecraft:wheat_seeds":51,"minecraft:beef":17,"minecraft:stone_pickaxe":1,"minecraft:cooked_chicken":3,"minecraft:stripped_oak_wood":9,"minecraft:sugar_cane":9,"minecraft:coal_block":8,"minecraft:oak_planks":6,"minecraft:furnace":2,"minecraft:book":30,"minecraft:raw_iron":3,"minecraft:oak_fence":2,"minecraft:torch":2,"minecraft:dandelion":1,"minecraft:spruce_stairs":6,"minecraft:spruce_fence":1,"minecraft:white_bed":2,"minecraft:stone_pressure_plate":1,"ecologics:coconut_log":7,"luminousworld:grassflowers":1,"minecraft:stone_sword":1,"furnitura:small_table_oak":1,"minecraft:rotten_flesh":7,"minecraft:slime_ball":5,"minecraft:stone_axe":1,"minecraft:pumpkin_pie":1,"minecraft:peony":3,"minecraft:hay_block":19,"born_in_chaos_v1:spiny_shell":4,"born_in_chaos_v1:rotten_fish":2,"supplementaries:ash":1,"minecraft:black_wool":1,"minecraft:mutton":2,"minecraft:coal":54,"minecraft:white_wool":24,"minecraft:cobblestone":46,"minecraft:ender_pearl":1},"minecraft:mined":{"minecraft:white_bed":1,"luminousworld:grassvariant_4":1,"minecraft:dandelion":1,"supplementaries:timber_cross_brace":1,"minecraft:oak_fence":2,"minecraft:crafting_table":4,"minecraft:torch":1,"minecraft:spruce_fence":1,"minecraft:grass_block":7,"luminousworld:grassvariant_2":7,"ecologics:coconut_log":8,"minecraft:coal_block":8,"minecraft:tall_grass":44,"minecraft:cobblestone":8,"minecraft:oak_planks":8,"minecraft:sugar_cane":3,"minecraft:spruce_stairs":3,"minecraft:hay_block":19,"minecraft:coarse_dirt":9,"furnitura:oak_chair":1,"minecraft:furnace":2,"minecraft:iron_ore":3,"furnitura:small_table_oak":1,"minecraft:wheat":6,"minecraft:stripped_oak_wood":10,"minecraft:yellow_bed":7,"minecraft:grass":54,"minecraft:bookshelf":9,"minecraft:coal_ore":30,"minecraft:oak_log":40,"minecraft:lantern":3,"minecraft:dirt":15,"luminousworld:grassvariant_3":8,"minecraft:stone":41,"minecraft:white_banner":1,"minecraft:white_wool":24,"minecraft:oak_leaves":4},"minecraft:broken":{"minecraft:stone_axe":1},"minecraft:crafted":{"minecraft:cooked_beef":11,"minecraft:oak_door":3,"minecraft:oak_slab":6,"minecraft:oak_planks":124,"minecraft:coal":72,"sophisticatedbackpacks:backpack":1,"minecraft:crafting_table":4,"minecraft:wooden_pickaxe":1,"supplementaries:timber_cross_brace":1,"minecraft:stone_axe":2,"minecraft:bread":3,"minecraft:cooked_mutton":2,"minecraft:air":0,"minecraft:string":4,"minecraft:shield":1,"furnitura:oak_chair":1,"minecraft:stick":24,"quark:oak_chest":1,"minecraft:iron_ingot":3,"minecraft:stone_pickaxe":1,"furnitura:small_table_oak":1,"minecraft:torch":4}},"DataVersion":3465}