{"stats":{"minecraft:crafted":{"minecraft:smooth_stone":4,"minecraft:oak_planks":108,"minecraft:cooked_chicken":3,"minecraft:furnace":5,"minecraft:blast_furnace":1,"minecraft:stone":4,"sophisticatedbackpacks:crafting_upgrade":1,"naturalist:cooked_bass":1,"born_in_chaos_v1:smoked_monster_flesh":1,"iceandfire:armor_copper_metal_boots":1,"minecraft:cooked_mutton":2,"iceandfire:armor_copper_metal_helmet":1,"minecraft:iron_axe":1,"tombstone:grave_key":2,"minecraft:stone_pickaxe":5,"iceandfire:armor_copper_metal_chestplate":1,"minecraft:smoker":1,"sophisticatedbackpacks:iron_backpack":1,"minecraft:cooked_beef":3,"sophisticatedbackpacks:backpack":1,"minecraft:cooked_porkchop":12,"minecraft:crafting_table":8,"minecraft:wooden_pickaxe":1,"minecraft:iron_sword":1,"minecraft:copper_ingot":31,"sophisticatedbackpacks:gold_backpack":1,"minecraft:bucket":1,"minecraft:birch_planks":4,"sophisticatedbackpacks:upgrade_base":2,"minecraft:stone_axe":1,"minecraft:air":0,"minecraft:oak_boat":1,"quark:torch_arrow":1,"minecraft:stick":52,"quark:oak_chest":5,"minecraft:iron_ingot":22,"minecraft:iron_pickaxe":2,"minecraft:stone_sword":1,"minecraft:gold_ingot":5,"minecraft:torch":164},"minecraft:custom":{"minecraft:inspect_dropper":2,"minecraft:mob_kills":61,"minecraft:interact_with_crafting_table":36,"minecraft:open_barrel":2,"minecraft:damage_dealt_resisted":355,"minecraft:leave_game":3,"minecraft:time_since_death":25796,"minecraft:climb_one_cm":2383,"minecraft:sprint_one_cm":325208,"minecraft:walk_one_cm":336775,"minecraft:damage_blocked_by_shield":485,"minecraft:drop":8,"minecraft:talked_to_villager":4,"minecraft:play_time":148268,"minecraft:sneak_time":2438,"minecraft:deaths":7,"minecraft:walk_under_water_one_cm":28157,"minecraft:boat_one_cm":22128,"minecraft:jump":2014,"minecraft:interact_with_blast_furnace":9,"minecraft:walk_on_water_one_cm":38794,"minecraft:total_world_time":148268,"minecraft:interact_with_furnace":51,"minecraft:sleep_in_bed":6,"minecraft:time_since_rest":9308,"minecraft:damage_taken":3395,"minecraft:trigger_trapped_chest":1,"minecraft:damage_dealt":8882,"minecraft:swim_one_cm":36571,"minecraft:fly_one_cm":265068,"minecraft:open_chest":10,"minecraft:crouch_one_cm":3036,"tombstone:undead_killed":10,"minecraft:interact_with_smoker":5,"minecraft:fall_one_cm":37357},"minecraft:killed_by":{"born_in_chaos_v1:zombie_clown_not_despawn":1,"minecraft:player":1,"born_in_chaos_v1:bone_imp_minion":1,"born_in_chaos_v1:corpse_fly":1,"minecraft:skeleton":1},"minecraft:killed":{"born_in_chaos_v1:restless_spirit":1,"born_in_chaos_v1:door_knight_not_despawn":1,"born_in_chaos_v1:zombie_clown_not_despawn":1,"minecraft:spider":1,"luminousworld:swallowtail":1,"enemyexpansion:direwolf":1,"born_in_chaos_v1:maggot":1,"minecraft:skeleton":1,"minecraft:horse":2,"minecraft:chicken":3,"naturalist:bass":5,"minecraft:silverfish":5,"enemyexpansion:goblin":2,"minecraft:pig":3,"born_in_chaos_v1:bone_imp_minion":1,"undead_revamp2:the_moonflower":2,"minecraft:iron_golem":1,"enemyexpansion:sprinter":2,"minecraft:sheep":3,"undead_revamp2:thesomnolence":1,"minecraft:zombie":2,"born_in_chaos_v1:dread_hound":2,"enemyexpansion:botfly":5,"minecraft:cow":12},"minecraft:used":{"minecraft:stone_sword":70,"minecraft:shield":15,"minecraft:iron_sword":146,"minecraft:cooked_chicken":3,"minecraft:torch":70,"iceandfire:armor_copper_metal_boots":1,"minecraft:dirt":12,"naturalist:cooked_bass":5,"minecraft:granite":14,"minecraft:lava_bucket":6,"minecraft:iron_axe":229,"minecraft:furnace":7,"tombstone:gift":1,"minecraft:cooked_beef":4,"minecraft:light_gray_bed":5,"minecraft:cooked_mutton":2,"minecraft:stone_pickaxe":280,"minecraft:oak_planks":11,"minecraft:wooden_pickaxe":59,"endermanoverhaul:crimson_pearl":1,"minecraft:crafting_table":12,"minecraft:blast_furnace":2,"minecraft:white_bed":1,"minecraft:smoker":1,"minecraft:apple":2,"born_in_chaos_v1:monster_flesh":1,"minecraft:iron_pickaxe":256,"tombstone:grave_key":2,"born_in_chaos_v1:smoked_monster_flesh":1,"minecraft:stone_axe":112,"minecraft:cobblestone":114,"minecraft:cooked_porkchop":11,"minecraft:andesite":1,"minecraft:bucket":7,"minecraft:oak_boat":1,"alexsmobs:animal_dictionary":1},"minecraft:mined":{"minecraft:white_bed":3,"minecraft:stone_pressure_plate":22,"minecraft:mossy_cobblestone":2,"luminousworld:grassvariant_4":1,"minecraft:granite":61,"minecraft:grass_block":8,"minecraft:infested_cobblestone":3,"minecraft:light_gray_bed":5,"luminousworld:grassvariant_2":1,"minecraft:coal_block":5,"minecraft:chiseled_stone_bricks":1,"minecraft:hay_block":37,"minecraft:tall_seagrass":1,"minecraft:furnace":5,"minecraft:iron_ore":9,"minecraft:andesite":26,"minecraft:anvil":1,"minecraft:bookshelf":38,"minecraft:deepslate_iron_ore":20,"minecraft:stone":297,"luminousworld:soft_birch_log":14,"minecraft:deepslate_redstone_ore":8,"minecraft:brown_mushroom":2,"minecraft:oak_fence":1,"minecraft:crafting_table":6,"minecraft:blast_furnace":2,"minecraft:tall_grass":6,"minecraft:copper_ore":17,"minecraft:cobblestone":7,"minecraft:lapis_ore":2,"minecraft:deepslate_gold_ore":7,"minecraft:sugar_cane":4,"minecraft:oak_planks":2,"minecraft:diorite":3,"minecraft:wall_torch":2,"ecologics:seashell":1,"minecraft:birch_log":55,"minecraft:birch_leaves":99,"minecraft:tnt":1,"minecraft:grass":5,"minecraft:oak_log":187,"minecraft:coal_ore":83,"minecraft:gravel":110,"minecraft:dirt":73,"luminousworld:grassvariant_3":1,"minecraft:cobweb":37,"minecraft:stone_bricks":1,"minecraft:mossy_stone_bricks":1,"minecraft:piston":1,"minecraft:oak_leaves":646,"minecraft:deepslate":8},"minecraft:broken":{"minecraft:wooden_pickaxe":1,"minecraft:stone_pickaxe":2,"minecraft:iron_axe":1,"minecraft:stone_axe":1,"minecraft:iron_pickaxe":1},"minecraft:picked_up":{"minecraft:crafting_table":6,"minecraft:chicken":3,"minecraft:anvil":1,"minecraft:brown_mushroom":11,"ecologics:seashell":1,"minecraft:shield":1,"minecraft:string":40,"minecraft:raw_copper":74,"minecraft:iron_leggings":1,"minecraft:cobbled_deepslate":21,"minecraft:beef":29,"minecraft:oak_boat":1,"minecraft:poppy":2,"minecraft:coal_block":5,"minecraft:sugar_cane":8,"minecraft:birch_sapling":6,"minecraft:piston":1,"minecraft:furnace":5,"minecraft:egg":2,"minecraft:stick":29,"minecraft:raw_iron":29,"ecologics:coconut_slice":2,"minecraft:copper_ingot":5,"minecraft:oak_fence":1,"minecraft:torch":3,"minecraft:porkchop":10,"tombstone:grave_dust":3,"minecraft:diorite":3,"minecraft:redstone":35,"minecraft:stone_pressure_plate":20,"minecraft:tnt":1,"minecraft:arrow":2,"minecraft:light_gray_bed":5,"minecraft:rotten_flesh":11,"luminousworld:soft_birch_log":14,"minecraft:hay_block":41,"minecraft:gold_ingot":2,"minecraft:mutton":3,"minecraft:white_wool":2,"minecraft:cobblestone":305,"minecraft:birch_log":50,"minecraft:cooked_beef":1,"born_in_chaos_v1:monster_flesh":1,"minecraft:andesite":26,"minecraft:brown_wool":1,"minecraft:leather":14,"minecraft:flint":10,"minecraft:oak_log":185,"minecraft:gunpowder":1,"minecraft:lapis_lazuli":17,"minecraft:dirt":81,"minecraft:lantern":3,"born_in_chaos_v1:monster_skin":1,"naturalist:bass":5,"minecraft:bone":5,"minecraft:apple":2,"minecraft:stone_bricks":1,"minecraft:raw_gold":7,"minecraft:iron_ingot":13,"minecraft:mossy_stone_bricks":1,"minecraft:bamboo":4,"minecraft:iron_sword":1,"minecraft:honeycomb":3,"minecraft:oak_planks":55,"minecraft:book":114,"minecraft:cooked_porkchop":2,"born_in_chaos_v1:ethereal_spirit":1,"minecraft:gravel":100,"minecraft:blast_furnace":2,"minecraft:white_bed":3,"naturalist:cooked_bass":4,"minecraft:spider_eye":1,"minecraft:mossy_cobblestone":2,"minecraft:chainmail_leggings":1,"minecraft:granite":61,"minecraft:oak_sapling":36,"minecraft:coal":225},"minecraft:dropped":{"tombstone:grave_dust":1,"minecraft:chainmail_leggings":1,"minecraft:birch_sapling":3,"minecraft:poppy":2,"minecraft:beef":9}},"DataVersion":3465}