{"stats":{"minecraft:picked_up":{"minecraft:oak_log":7,"minecraft:sugar_cane":8},"minecraft:custom":{"minecraft:jump":23,"minecraft:time_since_rest":4694,"minecraft:leave_game":1,"minecraft:crouch_one_cm":171,"minecraft:sprint_one_cm":3673,"minecraft:play_time":4694,"minecraft:time_since_death":4694,"minecraft:walk_one_cm":1310,"minecraft:sneak_time":87,"minecraft:total_world_time":4694,"minecraft:fall_one_cm":418,"minecraft:fly_one_cm":6117},"minecraft:used":{"alexsmobs:animal_dictionary":1},"minecraft:mined":{"minecraft:oak_log":7,"minecraft:sugar_cane":4}},"DataVersion":3465}