{"stats":{"minecraft:used":{"minecraft:dirt":1,"alexsmobs:animal_dictionary":1},"minecraft:mined":{"minecraft:grass":13,"minecraft:oak_log":7,"minecraft:grass_block":1,"minecraft:dirt":5,"minecraft:tall_grass":18,"minecraft:oak_leaves":3},"minecraft:picked_up":{"minecraft:rotten_flesh":1,"minecraft:wheat_seeds":3,"minecraft:oak_log":7,"supplementaries:ash":1,"minecraft:dirt":6},"minecraft:killed":{"undead_revamp2:thehunter":1},"minecraft:custom":{"minecraft:time_since_rest":12008,"minecraft:crouch_one_cm":269,"minecraft:play_time":12008,"minecraft:sprint_one_cm":9749,"tombstone:undead_killed":1,"minecraft:damage_taken":140,"minecraft:walk_one_cm":13933,"minecraft:sneak_time":179,"minecraft:mob_kills":1,"minecraft:jump":81,"minecraft:damage_dealt":60,"minecraft:leave_game":3,"minecraft:time_since_death":12008,"minecraft:total_world_time":12008,"minecraft:fall_one_cm":1732,"minecraft:fly_one_cm":14862}},"DataVersion":3465}