{"stats":{"minecraft:custom":{"minecraft:interact_with_crafting_table":37,"minecraft:open_barrel":19,"minecraft:leave_game":13,"minecraft:time_since_death":4747,"minecraft:sprint_one_cm":1140658,"minecraft:damage_blocked_by_shield":2415,"minecraft:drop":154,"minecraft:talked_to_villager":5,"minecraft:play_time":650750,"minecraft:deaths":23,"minecraft:jump":7838,"minecraft:walk_on_water_one_cm":81196,"minecraft:enchant_item":1,"minecraft:interact_with_furnace":61,"minecraft:sleep_in_bed":19,"minecraft:damage_dealt":49656,"minecraft:crouch_one_cm":8714,"tombstone:undead_killed":103,"tombstone:villager_killed":1,"minecraft:interact_with_smoker":5,"minecraft:inspect_dispenser":2,"minecraft:inspect_dropper":2,"minecraft:interact_with_anvil":1,"minecraft:mob_kills":238,"minecraft:damage_dealt_resisted":3947,"minecraft:climb_one_cm":35090,"minecraft:walk_one_cm":1130467,"minecraft:damage_dealt_absorbed":79,"minecraft:sneak_time":5799,"minecraft:walk_under_water_one_cm":46730,"minecraft:boat_one_cm":234503,"minecraft:interact_with_blast_furnace":9,"minecraft:total_world_time":650750,"tombstone:raider_killed":15,"minecraft:interact_with_grindstone":1,"minecraft:time_since_rest":4539,"minecraft:damage_absorbed":2,"minecraft:damage_taken":17002,"minecraft:trigger_trapped_chest":2,"tombstone:cast_on_ally":1,"minecraft:swim_one_cm":74210,"minecraft:fly_one_cm":1231544,"minecraft:open_chest":128,"minecraft:fall_one_cm":141127},"minecraft:dropped":{"minecraft:iron_sword":2,"minecraft:porkchop":1,"minecraft:dark_oak_stairs":2,"minecraft:oak_log":21,"minecraft:diamond":24,"minecraft:cooked_porkchop":20,"iceandfire:ice_dragon_flesh":3,"minecraft:lantern":2,"minecraft:leather":16,"iceandfire:ectoplasm":3,"luminousworld:blueberry":9,"artifacts:universal_attractor":1,"minecraft:item_frame":4,"minecraft:dirt":5,"iceandfire:armor_copper_metal_boots":1,"minecraft:gold_nugget":1,"minecraft:amethyst_shard":2,"minecraft:sand":2,"minecraft:iron_pickaxe":2,"minecraft:dark_oak_planks":2,"minecraft:birch_log":5,"quark:oak_chest":3,"unusualprehistory:plant_fossil_item":2,"minecraft:bone":5,"minecraft:gravel":40,"minecraft:sugar_cane":3,"born_in_chaos_v1:fire_dust":2,"minecraft:cobbled_deepslate":626,"minecraft:wheat":2,"minecraft:birch_sapling":5,"tombstone:gift":4,"minecraft:rotten_flesh":26,"minecraft:beehive":2,"minecraft:poppy":2,"supplementaries:flax_seeds":1,"supplementaries:ash":15,"minecraft:tipped_arrow":3,"iceandfire:frost_lily":1,"minecraft:arrow":1,"minecraft:beef":9,"minecraft:oak_leaves":17,"luminousworld:beastiary":1,"iceandfire:dragonscales_sapphire":10,"minecraft:birch_leaves":8,"minecraft:wheat_seeds":1,"luminousworld:blackberry":2,"luminousworld:ishstone":7,"luminousworld:white_oak_sapling":1,"minecraft:mossy_cobblestone":1,"minecraft:diamond_leggings":1,"iceandfire:armor_copper_metal_chestplate":1,"minecraft:cobblestone":113,"illagerinvasion:illusionary_dust":1,"minecraft:copper_ingot":43,"minecraft:chainmail_helmet":1,"minecraft:coal":35,"minecraft:stick":13,"minecraft:diorite":3,"minecraft:torch":1,"luminousworld:auburn_sapling":2,"minecraft:brown_wool":1,"born_in_chaos_v1:fused_bone":2,"tombstone:grave_dust":15,"minecraft:stripped_birch_log":2,"iceandfire:ice_dragon_heart":1,"minecraft:iron_axe":1,"minecraft:smooth_stone":1,"sophisticatedbackpacks:crafting_upgrade":1,"minecraft:chainmail_leggings":2,"minecraft:string":12,"minecraft:gray_carpet":1,"iceandfire:dragonbone":16,"minecraft:bricks":2,"sophisticatedbackpacks:feeding_upgrade":1,"minecraft:stone_sword":1,"minecraft:raw_copper":55,"minecraft:tuff":20,"minecraft:experience_bottle":64,"iceandfire:armor_green_helmet":1,"minecraft:chicken":1,"iceandfire:dragon_skull_ice":1,"iceandfire:armor_copper_metal_helmet":1,"minecraft:light_gray_concrete":1,"luminousworld:yellow_grassflowers":1,"minecraft:diamond_sword":2,"minecraft:potato":1,"minecraft:stone":4,"minecraft:shield":1,"ecologics:walnut":1,"aether:iron_gloves":2,"minecraft:diamond_chestplate":1,"minecraft:spruce_planks":5,"minecraft:bundle":2,"minecraft:diamond_pickaxe":1,"minecraft:oak_sapling":11,"minecraft:stone_pressure_plate":20,"minecraft:stone_bricks":1,"minecraft:stone_pickaxe":4,"ecologics:seashell":1},"minecraft:killed_by":{"born_in_chaos_v1:zombie_clown_not_despawn":1,"undead_revamp2:sucker":1,"minecraft:piglin_brute":1,"born_in_chaos_v1:bone_imp_minion":3,"born_in_chaos_v1:corpse_fly":1,"alexsmobs:crocodile":2,"iceandfire:ice_dragon":1,"minecraft:zombie":1,"born_in_chaos_v1:supreme_bonescaller_stage_2":4,"minecraft:player":1,"minecraft:skeleton":2},"minecraft:mined":{"luminousworld:white_petunias":1,"minecraft:large_amethyst_bud":1,"minecraft:spruce_planks":16,"minecraft:white_bed":11,"minecraft:stone_pressure_plate":22,"minecraft:cobblestone_stairs":1,"unusualprehistory:stone_amber_ore":2,"minecraft:obsidian":20,"minecraft:granite":61,"minecraft:grass_block":13,"minecraft:infested_cobblestone":3,"unusualprehistory:plant_fossil":5,"ecologics:coconut_leaves":2,"minecraft:light_gray_bed":5,"minecraft:coal_block":28,"minecraft:chiseled_stone_bricks":4,"minecraft:spawner":26,"minecraft:weeping_vines_plant":2,"minecraft:tall_seagrass":2,"minecraft:iron_ore":19,"minecraft:fire":3,"born_in_chaos_v1:black_argillite_brick_stairs":2,"minecraft:anvil":1,"minecraft:deepslate_lapis_ore":1,"minecraft:dark_oak_stairs":2,"minecraft:light_gray_concrete":1,"minecraft:iron_block":3,"minecraft:tripwire":3,"minecraft:piston_head":1,"minecraft:deepslate_redstone_ore":8,"minecraft:brown_mushroom":2,"minecraft:red_bed":5,"minecraft:amethyst_cluster":1,"iceandfire:dragon_ice_spikes":11,"minecraft:powder_snow":9,"minecraft:torch":3,"minecraft:blast_furnace":2,"minecraft:calcite":135,"minecraft:mushroom_stem":6,"minecraft:cobblestone":25,"minecraft:oak_planks":2,"minecraft:sugar_cane":13,"minecraft:bricks":2,"minecraft:wall_torch":3,"minecraft:amethyst_block":134,"minecraft:deepslate_copper_ore":2,"ecologics:seashell":1,"minecraft:birch_log":60,"minecraft:light_gray_stained_glass":1,"unusualprehistory:stone_fossil":4,"minecraft:tnt":1,"minecraft:smooth_stone_slab":4,"minecraft:grass":19,"minecraft:oak_log":249,"minecraft:dirt":82,"luminousworld:grassvariant_3":3,"minecraft:smooth_basalt":131,"minecraft:raw_copper_block":1,"minecraft:red_mushroom_block":2,"minecraft:piston":1,"minecraft:deepslate":932,"minecraft:oak_leaves":1224,"minecraft:crying_obsidian":3,"alexscaves:spelunkery_table":1,"minecraft:tuff":20,"luminousworld:grassvariant_4":2,"ecologics:coconut_planks":5,"minecraft:mossy_cobblestone":2,"minecraft:deepslate_diamond_ore":5,"quark:shale":2,"minecraft:stripped_birch_log":2,"luminousworld:mossbuds_1":1,"born_in_chaos_v1:infected_diamond_ore":1,"minecraft:spruce_fence":2,"minecraft:weeping_vines":1,"luminousworld:grassvariant_2":3,"ecologics:coconut_log":36,"minecraft:spruce_leaves":19,"luminousworld:white_oak_plank":2,"minecraft:moss_block":3,"minecraft:hay_block":108,"minecraft:black_stained_glass_pane":2,"minecraft:furnace":5,"luminousworld:yellow_grassflowers":1,"minecraft:andesite":29,"minecraft:stripped_spruce_log":14,"minecraft:gold_block":1,"minecraft:bookshelf":75,"minecraft:deepslate_iron_ore":20,"minecraft:vine":1,"luminousworld:snowgrass":1,"minecraft:lantern":1,"iceandfire:frost_lily":1,"minecraft:stone":426,"minecraft:white_wool":30,"luminousworld:soft_birch_log":14,"unusualprehistory:deepslate_plant_fossil":1,"minecraft:glass_pane":4,"luminousworld:blueberrybush":1,"minecraft:oak_fence":1,"minecraft:crafting_table":6,"ecologics:walnut_leaves":61,"luminousworld:auburnlog":5,"minecraft:copper_ore":54,"minecraft:tall_grass":15,"born_in_chaos_v1:chipped_black_argillite_brick":1,"minecraft:lapis_ore":2,"minecraft:deepslate_gold_ore":7,"minecraft:diorite":13,"supplementaries:urn":7,"luminousworld:whiteoaklog":26,"minecraft:birch_planks":6,"minecraft:beehive":2,"minecraft:spruce_log":46,"minecraft:birch_leaves":175,"minecraft:coal_ore":108,"luminousworld:ishstone":7,"minecraft:gravel":114,"minecraft:cobweb":40,"minecraft:stone_bricks":14,"minecraft:mossy_stone_bricks":1,"minecraft:dark_oak_planks":2},"minecraft:crafted":{"minecraft:grindstone":1,"minecraft:smooth_stone":4,"minecraft:oak_planks":168,"hangglider:hang_glider":1,"minecraft:cooked_chicken":3,"minecraft:stone":7,"sophisticatedbackpacks:crafting_upgrade":2,"naturalist:cooked_bass":1,"minecraft:cooked_mutton":2,"iceandfire:armor_copper_metal_boots":1,"minecraft:diamond_helmet":1,"tombstone:grave_key":2,"iceandfire:armor_green_helmet":1,"iceandfire:armor_copper_metal_chestplate":1,"minecraft:smoker":1,"sophisticatedbackpacks:backpack":2,"minecraft:cooked_porkchop":12,"enchantinginfuser:enchanting_infuser":1,"minecraft:crafting_table":10,"minecraft:spruce_planks":136,"minecraft:wooden_pickaxe":1,"minecraft:copper_ingot":31,"sophisticatedbackpacks:feeding_upgrade":2,"minecraft:birch_planks":4,"iceandfire:armor_green_chestplate":1,"sophisticatedbackpacks:upgrade_base":5,"minecraft:string":8,"minecraft:paper":3,"minecraft:diamond_pickaxe":2,"quark:torch_arrow":1,"minecraft:shield":1,"minecraft:stone_slab":6,"sophisticatedbackpacks:diamond_backpack":1,"minecraft:stick":60,"quark:oak_chest":6,"minecraft:iron_ingot":22,"minecraft:iron_pickaxe":2,"minecraft:iron_block":4,"minecraft:stone_sword":1,"minecraft:gold_ingot":5,"unusualprehistory:encyclopedia":1,"minecraft:golden_carrot":2,"hangglider:glider_framework":1,"iceandfire:armor_green_leggings":1,"minecraft:spyglass":1,"ecologics:coconut_planks":48,"sophisticatedbackpacks:stack_upgrade_tier_1":1,"minecraft:furnace":5,"minecraft:blast_furnace":1,"sophisticatedbackpacks:stack_upgrade_starter_tier":1,"hangglider:glider_wing":2,"born_in_chaos_v1:smoked_monster_flesh":1,"iceandfire:armor_copper_metal_helmet":1,"minecraft:iron_axe":2,"luminousworld:white_oak_plank":64,"minecraft:stone_pickaxe":5,"sophisticatedbackpacks:stack_upgrade_tier_2":1,"sophisticatedbackpacks:iron_backpack":2,"minecraft:cooked_beef":3,"minecraft:enchanting_table":1,"minecraft:iron_sword":1,"sophisticatedbackpacks:gold_backpack":2,"minecraft:bucket":1,"minecraft:stone_axe":1,"minecraft:bread":1,"minecraft:air":0,"minecraft:oak_boat":2,"minecraft:golden_apple":1,"minecraft:gold_nugget":18,"minecraft:torch":168,"iceandfire:armor_green_boots":1},"minecraft:used":{"minecraft:shield":65,"minecraft:iron_sword":624,"minecraft:stone":10,"ecologics:coconut_planks":49,"minecraft:carrot":1,"naturalist:cooked_bass":5,"minecraft:lava_bucket":6,"minecraft:birch_sapling":1,"friendsandfoes:totem_of_freezing":1,"supplementaries:ash":1,"minecraft:furnace":7,"minecraft:stone_pickaxe":280,"minecraft:oak_planks":22,"minecraft:wooden_pickaxe":59,"luminousworld:groundpebbles_1":1,"tombstone:scroll_of_true_sight":1,"minecraft:diamond_axe":277,"minecraft:golden_apple":1,"minecraft:blast_furnace":3,"born_in_chaos_v1:monster_flesh":1,"minecraft:bread":265,"tombstone:grave_key":16,"born_in_chaos_v1:smoked_monster_flesh":1,"minecraft:diamond_sword":288,"unusualprehistory:encyclopedia":2,"minecraft:grindstone":1,"minecraft:andesite":1,"minecraft:oak_boat":4,"minecraft:experience_bottle":36,"ecologics:crab_claw":48,"minecraft:stone_sword":70,"luminousworld:whiteoaklog":8,"minecraft:redstone":1,"minecraft:spruce_planks":19,"minecraft:cooked_chicken":3,"minecraft:spyglass":3,"minecraft:torch":265,"iceandfire:armor_copper_metal_boots":1,"minecraft:dirt":102,"minecraft:granite":14,"minecraft:bookshelf":24,"minecraft:iron_axe":487,"tombstone:gift":1,"minecraft:cooked_beef":4,"minecraft:cobbled_deepslate":1,"minecraft:light_gray_bed":5,"minecraft:cooked_mutton":2,"luminousworld:white_oak_plank":60,"endermanoverhaul:crimson_pearl":1,"minecraft:crafting_table":13,"minecraft:red_bed":5,"minecraft:white_bed":9,"minecraft:smoker":1,"minecraft:oak_log":1,"minecraft:diamond_pickaxe":1657,"minecraft:apple":2,"minecraft:iron_pickaxe":334,"minecraft:stone_axe":112,"minecraft:chiseled_stone_bricks":1,"enchantinginfuser:enchanting_infuser":1,"minecraft:cobblestone":124,"minecraft:cooked_porkchop":13,"minecraft:bucket":7,"alexsmobs:animal_dictionary":1},"minecraft:broken":{"minecraft:iron_leggings":1,"minecraft:stone_pickaxe":2,"minecraft:stone_axe":1,"minecraft:iron_sword":1,"ecologics:crab_claw":1,"minecraft:wooden_pickaxe":1,"minecraft:iron_axe":1,"minecraft:iron_pickaxe":1,"minecraft:iron_helmet":1},"minecraft:killed":{"illagerinvasion:archivist":2,"alexsmobs:lobster":1,"born_in_chaos_v1:restless_spirit":1,"born_in_chaos_v1:door_knight_not_despawn":1,"iceandfire:gorgon":1,"minecraft:spider":13,"alexsmobs:snow_leopard":1,"luminousworld:frost_bitten_skeleton":2,"born_in_chaos_v1:siamese_skeletonsright":1,"minecraft:zombie_horse":2,"illagerinvasion:basher":1,"born_in_chaos_v1:baby_skeleton_minion":2,"minecraft:skeleton":11,"minecraft:chicken":4,"illagerinvasion:provoker":3,"ecologics:coconut_crab":2,"minecraft:silverfish":5,"born_in_chaos_v1:supreme_bonescaller_stage_2":1,"minecraft:piglin_brute":3,"born_in_chaos_v1:firelight_not_despawn":1,"undead_revamp2:thespitter":1,"minecraft:pig":4,"born_in_chaos_v1:diamond_termite":3,"minecraft:iron_golem":1,"luminousworld:crab":1,"minecraft:sheep":4,"minecraft:pillager":3,"enemyexpansion:meature":1,"minecraft:zombie":31,"born_in_chaos_v1:dread_hound":2,"born_in_chaos_v1:corpse_fly":4,"enemyexpansion:botfly":11,"minecraft:stray":4,"born_in_chaos_v1:siamese_skeletonsleft":1,"minecraft:cow":17,"luminousworld:deer":1,"luminousworld:frostbitten_zombie":4,"born_in_chaos_v1:zombie_clown_not_despawn":2,"minecraft:vindicator":6,"luminousworld:swallowtail":1,"born_in_chaos_v1:skeleton_thrasher_not_despawn":1,"enemyexpansion:direwolf":3,"born_in_chaos_v1:zombie_bruiser":1,"born_in_chaos_v1:maggot":11,"minecraft:horse":3,"alexsmobs:blue_jay":1,"iceandfire:fire_dragon":1,"iceandfire:siren":1,"naturalist:bass":5,"undead_revamp2:sucker":1,"enemyexpansion:goblin":2,"friendsandfoes:copper_golem":1,"born_in_chaos_v1:bone_imp_minion":23,"born_in_chaos_v1:baby_skeleton":1,"undead_revamp2:the_moonflower":3,"enemyexpansion:sprinter":2,"born_in_chaos_v1:decrepit_skeleton":2,"naturalist:finch":1,"born_in_chaos_v1:bloody_gadfly":1,"undead_revamp2:thesomnolence":1,"iceandfire:ghost":2,"born_in_chaos_v1:bonescaller_not_despawn":2,"unusualprehistory:sludge":2,"minecraft:villager":1},"minecraft:picked_up":{"minecraft:iron_chestplate":1,"luminousworld:blackberry":2,"unusualprehistory:amber_shard":1,"minecraft:anvil":1,"minecraft:diamond_sword":8,"aether:iron_gloves":1,"minecraft:amethyst_block":70,"minecraft:string":53,"minecraft:raw_copper":110,"minecraft:smooth_stone_slab":2,"minecraft:iron_leggings":1,"minecraft:cobbled_deepslate":914,"iceandfire:frost_lily":1,"minecraft:spruce_planks":15,"minecraft:calcite":134,"unusualprehistory:plant_fossil_item":2,"minecraft:iron_pickaxe":2,"minecraft:coal_block":28,"ecologics:crab_claw":1,"minecraft:iron_boots":1,"minecraft:furnace":5,"minecraft:tipped_arrow":3,"minecraft:beehive":2,"minecraft:stick":53,"born_in_chaos_v1:shattered_skull":2,"minecraft:oak_fence":1,"born_in_chaos_v1:phantom_powder":2,"minecraft:torch":11,"ecologics:coconut_seedling":1,"minecraft:porkchop":11,"tombstone:grave_dust":16,"minecraft:diorite":13,"minecraft:light_gray_bed":5,"minecraft:rotten_flesh":49,"luminousworld:yellow_grassflowers":1,"luminousworld:soft_birch_log":14,"ecologics:coconut_log":36,"iceandfire:fire_dragon_heart":1,"minecraft:iron_block":3,"supplementaries:ash":24,"minecraft:obsidian":21,"alexsmobs:lobster_tail":1,"minecraft:cobblestone":445,"minecraft:birch_log":55,"born_in_chaos_v1:staffof_magic_arrows":1,"ecologics:walnut":8,"minecraft:feather":1,"minecraft:cooked_beef":1,"minecraft:andesite":29,"ecologics:coconut_planks":5,"minecraft:brown_wool":1,"minecraft:flint":10,"minecraft:tuff":20,"supplementaries:flax_seeds":1,"minecraft:lapis_lazuli":21,"minecraft:stripped_birch_log":3,"minecraft:dirt":107,"minecraft:lantern":9,"born_in_chaos_v1:monster_skin":1,"minecraft:bone":45,"undead_revamp2:blacpetalblock":1,"minecraft:bow":1,"minecraft:wheat_seeds":1,"minecraft:raw_gold":7,"minecraft:mossy_stone_bricks":1,"minecraft:bamboo":4,"minecraft:oak_planks":55,"minecraft:honeycomb":3,"friendsandfoes:totem_of_freezing":1,"minecraft:cooked_porkchop":2,"quark:shale":2,"iceandfire:dragonscales_sapphire":19,"minecraft:sand":2,"iceandfire:dragon_skull_fire":1,"iceandfire:shiny_scales":4,"minecraft:mossy_cobblestone":2,"minecraft:bundle":2,"minecraft:iron_hoe":1,"minecraft:light_gray_concrete":1,"born_in_chaos_v1:fire_dust":2,"minecraft:diamond":5,"luminousworld:blueberry":9,"minecraft:granite":61,"luminousworld:auburn_sapling":2,"minecraft:chainmail_helmet":1,"minecraft:golden_apple":1,"minecraft:emerald":3,"iceandfire:gorgon_head":1,"minecraft:oak_sapling":71,"minecraft:bricks":2,"minecraft:oak_leaves":17,"luminousworld:groundpebbles_1":1,"minecraft:crafting_table":6,"minecraft:chicken":4,"born_in_chaos_v1:seedof_chaos":3,"minecraft:brown_mushroom":11,"ecologics:seashell":1,"minecraft:shield":1,"iceandfire:ghost_ingot":1,"minecraft:red_bed":6,"minecraft:iron_axe":3,"born_in_chaos_v1:intoxicating_decoction":1,"minecraft:item_frame":4,"minecraft:iron_shovel":1,"minecraft:cyan_carpet":2,"ecologics:walnut_sapling":1,"minecraft:beef":36,"minecraft:oak_boat":2,"minecraft:iron_nugget":24,"minecraft:poppy":3,"minecraft:sugar_cane":27,"minecraft:birch_sapling":9,"luminousworld:white_oak_plank":2,"iceandfire:ice_dragon_heart":1,"minecraft:piston":1,"minecraft:raw_copper_block":1,"minecraft:egg":2,"unusualprehistory:tar_fossil_item":8,"minecraft:raw_iron":29,"iceandfire:dragonbone":46,"iceandfire:dragonscales_green":27,"ecologics:coconut_slice":6,"minecraft:copper_ingot":107,"minecraft:spruce_fence":2,"minecraft:cookie":5,"born_in_chaos_v1:pieceofdarkmetal":4,"minecraft:redstone":36,"minecraft:prismarine_crystals":2,"minecraft:stone_pressure_plate":20,"minecraft:dark_oak_planks":2,"iceandfire:dragon_skull_ice":1,"luminousworld:white_oak_sapling":1,"minecraft:tnt":1,"minecraft:arrow":17,"minecraft:weeping_vines":1,"iceandfire:cyclops_eye":1,"minecraft:hay_block":112,"alexscaves:spelunkery_table":1,"minecraft:gold_ingot":2,"minecraft:mutton":9,"minecraft:white_wool":32,"born_in_chaos_v1:fused_bone":2,"born_in_chaos_v1:corpse_maggot":13,"minecraft:birch_leaves":8,"born_in_chaos_v1:monster_flesh":1,"luminousworld:ishstone":7,"minecraft:leather":26,"minecraft:birch_planks":4,"minecraft:oak_log":255,"iceandfire:ectoplasm":3,"minecraft:jungle_button":2,"minecraft:gunpowder":1,"minecraft:cobblestone_stairs":1,"naturalist:bass":5,"minecraft:stone_bricks":14,"minecraft:apple":3,"minecraft:gray_carpet":1,"minecraft:iron_ingot":25,"minecraft:stone_pickaxe":1,"minecraft:iron_sword":2,"iceandfire:fire_dragon_flesh":3,"minecraft:dark_oak_stairs":2,"minecraft:book":232,"minecraft:smooth_basalt":131,"luminousworld:clovers_1":1,"minecraft:chiseled_stone_bricks":3,"born_in_chaos_v1:orbofthe_summoner":1,"born_in_chaos_v1:ethereal_spirit":1,"minecraft:gravel":104,"minecraft:amethyst_shard":6,"minecraft:spruce_sapling":2,"minecraft:blast_furnace":2,"minecraft:white_bed":10,"minecraft:spruce_log":34,"minecraft:crying_obsidian":3,"illagerinvasion:illusionary_dust":1,"naturalist:cooked_bass":4,"minecraft:spider_eye":3,"luminousworld:whiteoaklog":37,"minecraft:chainmail_leggings":2,"iceandfire:ice_dragon_flesh":6,"tombstone:magic_scroll":1,"unusualprehistory:amber_fossil":1,"minecraft:coal":250,"unusualprehistory:mezo_fossil":4}},"DataVersion":3465}