{"stats":{"minecraft:crafted":{"minecraft:cooked_beef":11,"minecraft:oak_planks":76,"minecraft:coal":72,"sophisticatedbackpacks:backpack":1,"minecraft:crafting_table":2,"minecraft:wooden_pickaxe":1,"minecraft:stone_axe":1,"minecraft:air":0,"minecraft:string":4,"minecraft:stick":8,"quark:oak_chest":1,"minecraft:stone_pickaxe":1,"minecraft:torch":4},"minecraft:killed_by":{"minecraft:player":1},"minecraft:mined":{"minecraft:dandelion":1,"minecraft:oak_fence":2,"minecraft:crafting_table":2,"minecraft:torch":1,"minecraft:grass_block":6,"minecraft:spruce_fence":1,"luminousworld:grassvariant_2":3,"minecraft:coal_block":8,"minecraft:tall_grass":31,"minecraft:oak_planks":1,"minecraft:spruce_stairs":3,"minecraft:hay_block":19,"minecraft:furnace":1,"minecraft:iron_ore":3,"minecraft:wheat":6,"minecraft:yellow_bed":3,"minecraft:grass":35,"minecraft:bookshelf":9,"minecraft:oak_log":29,"minecraft:coal_ore":26,"minecraft:dirt":14,"luminousworld:grassvariant_3":1,"minecraft:stone":26,"minecraft:white_wool":24,"minecraft:oak_leaves":4},"minecraft:used":{"minecraft:stone_sword":17,"minecraft:stone_pickaxe":49,"minecraft:oak_planks":24,"minecraft:wooden_pickaxe":19,"minecraft:cooked_chicken":1,"minecraft:rotten_flesh":1,"minecraft:torch":3,"minecraft:dirt":17,"minecraft:crafting_table":4,"minecraft:stone_axe":92,"minecraft:cobblestone":20,"minecraft:yellow_bed":2,"alexsmobs:animal_dictionary":2,"minecraft:cooked_beef":4},"minecraft:picked_up":{"born_in_chaos_v1:corpse_maggot":1,"minecraft:crafting_table":2,"minecraft:wheat":10,"minecraft:chicken":2,"minecraft:leather":17,"minecraft:wooden_pickaxe":1,"minecraft:oak_log":29,"minecraft:yellow_bed":3,"minecraft:dirt":20,"minecraft:lantern":3,"minecraft:white_banner":1,"minecraft:item_frame":4,"minecraft:apple":1,"minecraft:wheat_seeds":48,"minecraft:beef":17,"minecraft:stone_pickaxe":1,"minecraft:cooked_chicken":1,"minecraft:coal_block":8,"minecraft:oak_planks":1,"minecraft:furnace":1,"minecraft:book":27,"minecraft:raw_iron":3,"minecraft:oak_fence":2,"minecraft:torch":2,"minecraft:dandelion":1,"minecraft:spruce_stairs":6,"minecraft:spruce_fence":1,"minecraft:stone_pressure_plate":1,"minecraft:stone_sword":1,"luminousworld:grassflowers":1,"minecraft:rotten_flesh":2,"minecraft:stone_axe":1,"minecraft:pumpkin_pie":1,"minecraft:peony":3,"minecraft:hay_block":19,"supplementaries:ash":1,"minecraft:mutton":2,"minecraft:black_wool":1,"minecraft:coal":26,"minecraft:white_wool":24,"minecraft:cobblestone":26,"minecraft:ender_pearl":1},"minecraft:dropped":{"minecraft:spruce_stairs":6,"minecraft:spruce_fence":1,"minecraft:item_frame":4,"supplementaries:ash":1,"minecraft:dirt":3,"luminousworld:grassflowers":1,"minecraft:peony":3,"minecraft:stone_pressure_plate":1,"minecraft:wooden_pickaxe":1},"minecraft:killed":{"earthmobsmod:duck":2,"undead_revamp2:thehunter":1,"minecraft:sheep":1,"minecraft:horse":6,"ecologics:squirrel":1,"born_in_chaos_v1:corpse_fly":1,"earthmobsmod:albino_cow":3,"minecraft:cow":6},"minecraft:custom":{"minecraft:interact_with_furnace":10,"minecraft:mob_kills":21,"minecraft:interact_with_crafting_table":5,"minecraft:leave_game":3,"minecraft:time_since_death":32432,"minecraft:sleep_in_bed":2,"minecraft:climb_one_cm":608,"minecraft:time_since_rest":9119,"minecraft:sprint_one_cm":86636,"minecraft:damage_taken":570,"minecraft:walk_one_cm":104176,"minecraft:drop":10,"minecraft:damage_dealt":2815,"minecraft:swim_one_cm":5480,"minecraft:fly_one_cm":104288,"minecraft:open_chest":1,"minecraft:crouch_one_cm":3385,"minecraft:play_time":48008,"tombstone:undead_killed":1,"minecraft:deaths":1,"minecraft:sneak_time":1865,"minecraft:walk_under_water_one_cm":1862,"minecraft:jump":810,"minecraft:walk_on_water_one_cm":3723,"minecraft:total_world_time":48008,"minecraft:fall_one_cm":19781}},"DataVersion":3465}